id,institutionCode,collectionCode,order,family,scientificName,taxonID,scientificNameAuthorship,genus,specificEpithet,taxonRank,infraspecificEpithet,recordedBy,recordedByID,associatedCollectors,recordNumber,eventDate,year,month,day,startDayOfYear,endDayOfYear,verbatimEventDate,individualCount,country,stateProvince,county,municipality,locality,locationRemarks,localitySecurity,localitySecurityReason,decimalLatitude,decimalLongitude,geodeticDatum,coordinateUncertaintyInMeters,verbatimCoordinates,georeferencedBy,georeferenceProtocol,georeferenceSources,georeferenceVerificationStatus,georeferenceRemarks,minimumElevationInMeters,maximumElevationInMeters,minimumDepthInMeters,maximumDepthInMeters,verbatimDepth,verbatimElevation,disposition,language,recordEnteredBy,modified,sourcePrimaryKey-dbpk,collId,recordId,references
30106988,PSUC,ENTO,Coleoptera,Coccinellidae,"Chilocorus bivulnerus Mulsant, 1850",,,,,,,Hodge,,,,,,,,,,,1,United States,Ohio,,,,,0,,40.2862,-82.7937,WGS84,,,Andrew R. Deans,https://scholarsphere.psu.edu/files/cj82k747v,,,centroid for the state: https://tools.wmflabs.org/geohack/geohack.php?pagename=List_of_geographic_centers_of_the_United_States&params=40.2862_N_82.7937_W_type:landmark_region:US-OH&title=Center+of+Ohio,,,,,,,,,,9/19/2017 10:33,PSUC_FEM_29965,126,urn:uuid:55b8b62a-7b3e-445d-b640-4eea7c1d2d66,http://scan-bugs.org/portal/collections/individual/index.php?occid=30106988
30106989,PSUC,ENTO,Coleoptera,Coccinellidae,"Chilocorus bivulnerus Mulsant, 1850",,,,,,,,,,,,,,,,,,1,United States,Ohio,,,,,0,,40.2862,-82.7937,WGS84,,,Andrew R. Deans,https://scholarsphere.psu.edu/files/cj82k747v,,,centroid for the state: https://tools.wmflabs.org/geohack/geohack.php?pagename=List_of_geographic_centers_of_the_United_States&params=40.2862_N_82.7937_W_type:landmark_region:US-OH&title=Center+of+Ohio,,,,,,,,,,9/19/2017 10:33,PSUC_FEM_29966,126,urn:uuid:f4a78725-0b7d-4f27-9e85-9081415ed82c,http://scan-bugs.org/portal/collections/individual/index.php?occid=30106989
30107698,PSUC,ENTO,Coleoptera,Coccinellidae,"Coccinella novemnotata Herbst, 1793",,,,,,,Jim Steinke,,,,8/10/1963,1963,8,10,222,,8/10/1963,1,United States,Ohio,Van Wert,Van Wert,Van Wert,Van Wert Co.,0,,40.869493,-84.584122,WGS84,4130,,Andrew R. Deans,https://scholarsphere.psu.edu/files/cj82k747v,,,,,,,,,,,,,9/19/2017 10:33,PSUC_FEM_30034,126,urn:uuid:bd604fd7-0dd1-4fa7-9f92-2cea55cb48d2,http://scan-bugs.org/portal/collections/individual/index.php?occid=30107698
30107699,PSUC,ENTO,Coleoptera,Coccinellidae,"Adalia bipunctata (Linnaeus, 1758)",,,,,,,Jim Steinke,,,,6/6/1963,1963,6,6,157,,6/6/1963,1,United States,Ohio,Van Wert,Van Wert,Van Wert,,0,,40.869493,-84.584122,WGS84,4130,,Andrew R. Deans,https://scholarsphere.psu.edu/files/cj82k747v,,,,,,,,,,,,,9/19/2017 10:33,PSUC_FEM_28391,126,urn:uuid:150f855e-8dea-4098-b638-159166f95770,http://scan-bugs.org/portal/collections/individual/index.php?occid=30107699
30107700,PSUC,ENTO,Coleoptera,Coccinellidae,"Coccinella novemnotata Herbst, 1793",,,,,,,Jim Steinke,,,,9/6/1963,1963,9,6,249,,9/6/1963,1,United States,Ohio,Van Wert,Van Wert,Van Wert,Van Wert Co.,0,,40.869493,-84.584122,WGS84,4130,,Andrew R. Deans,https://scholarsphere.psu.edu/files/cj82k747v,,,,,,,,,,,,,9/19/2017 10:33,PSUC_FEM_30041,126,urn:uuid:380d6a71-d087-464a-b578-6c4f85cc08d6,http://scan-bugs.org/portal/collections/individual/index.php?occid=30107700
30107701,PSUC,ENTO,Coleoptera,Coccinellidae,"Coleomegilla maculata fuscilabris (Mulsant, 1866)",,,,,,,Jim Steinke,,,,6/6/1963,1963,6,6,157,,6/6/1963,1,United States,Ohio,Van Wert,Van Wert,Van Wert,Van Wert Co.,0,,40.869493,-84.584122,WGS84,4130,,Andrew R. Deans,https://scholarsphere.psu.edu/files/cj82k747v,,,,,,,,,,,,,9/19/2017 10:33,PSUC_FEM_103383,126,urn:uuid:06efaded-423b-4e46-8098-161d50b7d161,http://scan-bugs.org/portal/collections/individual/index.php?occid=30107701
30107702,PSUC,ENTO,Coleoptera,Coccinellidae,"Hippodamia convergens Guerin-Meneville, 1842",,,,,,,Jim Steinke,,,,9/10/1963,1963,9,10,253,,9/10/1963,1,United States,Ohio,Van Wert,Van Wert,Van Wert,Van Wert Co.,0,,40.869493,-84.584122,WGS84,4130,,Andrew R. Deans,https://scholarsphere.psu.edu/files/cj82k747v,,,,,,,,,,,,,9/19/2017 10:33,PSUC_FEM_24394,126,urn:uuid:95046af5-38d3-458b-88d4-8f745cbf8226,http://scan-bugs.org/portal/collections/individual/index.php?occid=30107702
30107844,PSUC,ENTO,Coleoptera,Coccinellidae,"Coleomegilla maculata fuscilabris (Mulsant, 1866)",,,,,,,N. D. Blackburn Collection,,,,6/20/1931,1931,6,20,171,,1931-06-20/1931-06-30,1,United States,Ohio,Ottawa,Put-in-Bay,Kelley's Island,,0,,41.605879,-82.697983,WGS84,3175,,Andrew R. Deans,https://scholarsphere.psu.edu/files/cj82k747v,,,best guess at a point and coordinate uncertainty that includes all of Kelley's Island,,,,,,,,,,9/19/2017 10:33,PSUC_FEM_29873,126,urn:uuid:61d0ecaa-c38b-4e20-9482-7f93e972bb7b,http://scan-bugs.org/portal/collections/individual/index.php?occid=30107844
30107845,PSUC,ENTO,Coleoptera,Coccinellidae,"Coleomegilla maculata fuscilabris (Mulsant, 1866)",,,,,,,N. D. Blackburn Collection,,,,7/11/1931,1931,7,11,192,,1931-07-11/1931-07-20,1,United States,Ohio,Ottawa,Put-in-Bay,Kelley's Island,,0,,41.605879,-82.697983,WGS84,3175,,Andrew R. Deans,https://scholarsphere.psu.edu/files/cj82k747v,,,best guess at a point and coordinate uncertainty that includes all of Kelley's Island,,,,,,,,,,9/19/2017 10:33,PSUC_FEM_29874,126,urn:uuid:6ca2ebdf-80b9-4a1b-9976-a2c435288a4d,http://scan-bugs.org/portal/collections/individual/index.php?occid=30107845
30107846,PSUC,ENTO,Coleoptera,Coccinellidae,"Coccinella transversoguttata Faldermann, 1835",,,,,,,N. D. Blackburn,,,,7/1/1931,1931,7,1,182,,1931-07-01/1931-07-10,1,United States,Ohio,Ottawa,Put-in-Bay,Kelley's Island,,0,,41.605879,-82.697983,WGS84,3175,,Andrew R. Deans,https://scholarsphere.psu.edu/files/cj82k747v,,,best guess at a point and coordinate uncertainty that includes all of Kelley's Island,,,,,,,,,,9/19/2017 10:33,PSUC_FEM_30081,126,urn:uuid:36ae4369-377a-4af0-be9e-e17bc6b7c5f3,http://scan-bugs.org/portal/collections/individual/index.php?occid=30107846
30107847,PSUC,ENTO,Coleoptera,Coccinellidae,"Hippodamia convergens Guerin-Meneville, 1842",,,,,,,N. D. Blackburn,,,,6/20/1931,1931,6,20,171,,1931-06-20/1931-06-30,1,United States,Ohio,Ottawa,Put-in-Bay,Kelley's Island,,0,,41.605879,-82.697983,WGS84,3175,,Andrew R. Deans,https://scholarsphere.psu.edu/files/cj82k747v,,,best guess at a point and coordinate uncertainty that includes all of Kelley's Island,,,,,,,,,,9/19/2017 10:33,PSUC_FEM_24381,126,urn:uuid:4ba86fb1-1cd0-4b3e-b93a-7265798a12a4,http://scan-bugs.org/portal/collections/individual/index.php?occid=30107847
30107848,PSUC,ENTO,Coleoptera,Coccinellidae,"Hippodamia tredecimpunctata (Linnaeus, 1758)",,,,,,,N. D. Blackburn,,,,6/20/1937,1937,6,20,171,,1937-06-20/1937-06-30,1,United States,Ohio,Ottawa,Put-in-Bay,Kelley's Island,,0,,41.605879,-82.697983,WGS84,3175,,Andrew R. Deans,https://scholarsphere.psu.edu/files/cj82k747v,,,best guess at a point and coordinate uncertainty that includes all of Kelley's Island,,,,,,,,,,9/19/2017 10:33,PSUC_FEM_25103,126,urn:uuid:5ba2bee3-f646-412a-a43b-385afcdda9a0,http://scan-bugs.org/portal/collections/individual/index.php?occid=30107848
30107849,PSUC,ENTO,Coleoptera,Coccinellidae,"Hippodamia tredecimpunctata (Linnaeus, 1758)",,,,,,,N. D. Blackburn,,,,7/1/1931,1931,7,1,182,,1931-07-01/1937-07-10,1,United States,Ohio,Ottawa,Put-in-Bay,Kelley's Island,,0,,41.605879,-82.697983,WGS84,3175,,Andrew R. Deans,https://scholarsphere.psu.edu/files/cj82k747v,,,best guess at a point and coordinate uncertainty that includes all of Kelley's Island,,,,,,,,,,9/19/2017 10:33,PSUC_FEM_25104,126,urn:uuid:7006c95c-db66-446c-8cd7-e9b3a0261e75,http://scan-bugs.org/portal/collections/individual/index.php?occid=30107849
30107850,PSUC,ENTO,Coleoptera,Coccinellidae,"Hippodamia tredecimpunctata (Linnaeus, 1758)",,,,,,,N. D. Blackburn,,,,7/1/1931,1931,7,1,182,,1931-07-01/1937-07-10,1,United States,Ohio,Ottawa,Put-in-Bay,Kelley's Island,,0,,41.605879,-82.697983,WGS84,3175,,Andrew R. Deans,https://scholarsphere.psu.edu/files/cj82k747v,,,best guess at a point and coordinate uncertainty that includes all of Kelley's Island,,,,,,,,,,9/19/2017 10:33,PSUC_FEM_25105,126,urn:uuid:72d1e674-0b1d-403a-84d5-965a647442e3,http://scan-bugs.org/portal/collections/individual/index.php?occid=30107850
30107851,PSUC,ENTO,Coleoptera,Coccinellidae,"Hippodamia tredecimpunctata (Linnaeus, 1758)",,,,,,,N. D. Blackburn,,,,7/11/1931,1931,7,11,192,,1931-07-11/1931-07-20,1,United States,Ohio,Ottawa,Put-in-Bay,Kelley's Island,,0,,41.605879,-82.697983,WGS84,3175,,Andrew R. Deans,https://scholarsphere.psu.edu/files/cj82k747v,,,best guess at a point and coordinate uncertainty that includes all of Kelley's Island,,,,,,,,,,9/19/2017 10:33,PSUC_FEM_25106,126,urn:uuid:025221ea-e70b-4873-b1eb-2608850461d4,http://scan-bugs.org/portal/collections/individual/index.php?occid=30107851
30107852,PSUC,ENTO,Coleoptera,Coccinellidae,"Hippodamia tredecimpunctata (Linnaeus, 1758)",,,,,,,N. D. Blackburn,,,,7/11/1931,1931,7,11,192,,1931-07-11/1931-07-20,1,United States,Ohio,Ottawa,Put-in-Bay,Kelley's Island,,0,,41.605879,-82.697983,WGS84,3175,,Andrew R. Deans,https://scholarsphere.psu.edu/files/cj82k747v,,,best guess at a point and coordinate uncertainty that includes all of Kelley's Island,,,,,,,,,,9/19/2017 10:33,PSUC_FEM_25107,126,urn:uuid:21812210-9f21-4e57-b46f-238a1727e2cf,http://scan-bugs.org/portal/collections/individual/index.php?occid=30107852
30107853,PSUC,ENTO,Coleoptera,Coccinellidae,"Hippodamia tredecimpunctata (Linnaeus, 1758)",,,,,,,N. D. Blackburn,,,,7/11/1931,1931,7,11,192,,1931-07-11/1931-07-20,1,United States,Ohio,Ottawa,Put-in-Bay,Kelley's Island,,0,,41.605879,-82.697983,WGS84,3175,,Andrew R. Deans,https://scholarsphere.psu.edu/files/cj82k747v,,,best guess at a point and coordinate uncertainty that includes all of Kelley's Island,,,,,,,,,,9/19/2017 10:33,PSUC_FEM_25108,126,urn:uuid:2eac1cff-284e-45b5-b8fd-2b873fd2f8c4,http://scan-bugs.org/portal/collections/individual/index.php?occid=30107853
30107854,PSUC,ENTO,Coleoptera,Coccinellidae,"Adalia bipunctata (Linnaeus, 1758)",,,,,,,H. D. Blackburn,,,,6/20/1931,1931,6,20,171,,1931-06-20/1931-06-30,1,United States,Ohio,Ottawa,Put-in-Bay,Kelley's Island,,0,,41.605879,-82.697983,WGS84,3175,,Andrew R. Deans,https://scholarsphere.psu.edu/files/cj82k747v,,,best guess at a point and coordinate uncertainty that includes all of Kelley's Island,,,,,,,,,,9/19/2017 10:33,PSUC_FEM_28395,126,urn:uuid:35096d56-9506-4633-bf1f-0e7aca851109,http://scan-bugs.org/portal/collections/individual/index.php?occid=30107854
30107857,PSUC,ENTO,Coleoptera,Coccinellidae,"Hippodamia convergens Guerin-Meneville, 1842",,,,,,,N. D. Blackburn,,,,7/11/1931,1931,7,11,192,,1931-07-11/1931-07-20,1,United States,Ohio,Ottawa,Put-in-Bay,South Bass Island,,0,,41.650049,-82.820743,WGS84,2923,,Andrew R. Deans,https://scholarsphere.psu.edu/files/cj82k747v,,,best guess at a point and coordinate uncertainty that includes all of South Bass Island,,,,,,,,,,9/19/2017 10:33,PSUC_FEM_24380,126,urn:uuid:4bb28475-0616-4eea-a889-ecabcf1190e7,http://scan-bugs.org/portal/collections/individual/index.php?occid=30107857
30107858,PSUC,ENTO,Coleoptera,Coccinellidae,"Hippodamia convergens Guerin-Meneville, 1842",,,,,,,N. D. Blackburn,,,,6/20/1931,1931,6,20,171,,1931-06-20/1931-06-30,1,United States,Ohio,Ottawa,Put-in-Bay,South Bass Island,,0,,41.650049,-82.820743,WGS84,2923,,Andrew R. Deans,https://scholarsphere.psu.edu/files/cj82k747v,,,best guess at a point and coordinate uncertainty that includes all of South Bass Island,,,,,,,,,,9/19/2017 10:33,PSUC_FEM_24383,126,urn:uuid:cfc10de2-2c44-4f30-a457-1736b2f3ea95,http://scan-bugs.org/portal/collections/individual/index.php?occid=30107858
30107861,PSUC,ENTO,Coleoptera,Coccinellidae,"Hippodamia parenthesis (Say, 1824)",,,,,,,N. D. Blackburn,,,,7/11/1931,1931,7,11,192,,1931-07-11/1931-07-20,1,United States,Ohio,Ottawa,Put-in-Bay,Middle Bass Island,,0,,41.687677,-82.804669,WGS84,2355,,Andrew R. Deans,https://scholarsphere.psu.edu/files/cj82k747v,,,best guess at a point and coordinate uncertainty that includes all of Middle Bass Island,,,,,,,,,,9/19/2017 10:33,PSUC_FEM_24458,126,urn:uuid:852d8a50-d0af-456a-a331-b4706ea937bd,http://scan-bugs.org/portal/collections/individual/index.php?occid=30107861
30107862,PSUC,ENTO,Coleoptera,Coccinellidae,"Hippodamia convergens Guerin-Meneville, 1842",,,,,,,N. D. Blackburn,,,,7/1/1931,1931,7,1,182,,1931-07-01/1931-07-10,1,United States,Ohio,Ottawa,Put-in-Bay,Middle Bass Island,,0,,41.687677,-82.804669,WGS84,2355,,Andrew R. Deans,https://scholarsphere.psu.edu/files/cj82k747v,,,best guess at a point and coordinate uncertainty that includes all of Middle Bass Island,,,,,,,,,,9/19/2017 10:33,PSUC_FEM_24321,126,urn:uuid:0a0bb666-0cb3-4ca1-81e0-70bcfbc0c30a,http://scan-bugs.org/portal/collections/individual/index.php?occid=30107862
30107863,PSUC,ENTO,Coleoptera,Coccinellidae,"Hippodamia convergens Guerin-Meneville, 1842",,,,,,,N. D. Blackburn,,,,7/1/1931,1931,7,1,182,,1931-07-01/1931-07-10,1,United States,Ohio,Ottawa,Put-in-Bay,Middle Bass Island,,0,,41.687677,-82.804669,WGS84,2355,,Andrew R. Deans,https://scholarsphere.psu.edu/files/cj82k747v,,,best guess at a point and coordinate uncertainty that includes all of Middle Bass Island,,,,,,,,,,9/19/2017 10:33,PSUC_FEM_24329,126,urn:uuid:9167037b-76a5-4834-a11e-27f2ebcef01b,http://scan-bugs.org/portal/collections/individual/index.php?occid=30107863
30107864,PSUC,ENTO,Coleoptera,Coccinellidae,"Hippodamia convergens Guerin-Meneville, 1842",,,,,,,N. D. Blackburn,,,,7/1/1931,1931,7,1,182,,1931-07-01/1931-07-10,1,United States,Ohio,Ottawa,Put-in-Bay,Middle Bass Island,,0,,41.687677,-82.804669,WGS84,2355,,Andrew R. Deans,https://scholarsphere.psu.edu/files/cj82k747v,,,best guess at a point and coordinate uncertainty that includes all of Middle Bass Island,,,,,,,,,,9/19/2017 10:33,PSUC_FEM_24382,126,urn:uuid:0887c992-976f-41e8-a036-81b3acdc2325,http://scan-bugs.org/portal/collections/individual/index.php?occid=30107864
30107865,PSUC,ENTO,Coleoptera,Coccinellidae,"Psyllobora vigintimaculata (Say, 1824)",,,,,,,N. D. Blackburn,,,,7/11/1931,1931,7,11,192,,1931-07-11/1931-07-20,1,United States,Ohio,Ottawa,Put-in-Bay,Middle Bass Island,,0,,41.687677,-82.804669,WGS84,2355,,Andrew R. Deans,https://scholarsphere.psu.edu/files/cj82k747v,,,best guess at a point and coordinate uncertainty that includes all of Middle Bass Island,,,,,,,,,,9/19/2017 10:33,PSUC_FEM_31812,126,urn:uuid:3d9a3f74-6928-42e3-877b-06134f775268,http://scan-bugs.org/portal/collections/individual/index.php?occid=30107865
30107866,PSUC,ENTO,Coleoptera,Coccinellidae,"Cycloneda sanguinea (Linnaeus, 1763)",,,,,,,N. D. Blackburn,,,,7/1/1931,1931,7,1,182,,1931-07-01/1931-07-10,1,United States,Ohio,Ottawa,Put-in-Bay,Middle Bass Island,,0,,41.687677,-82.804669,WGS84,2355,,Andrew R. Deans,https://scholarsphere.psu.edu/files/cj82k747v,,,best guess at a point and coordinate uncertainty that includes all of Middle Bass Island,,,,,,,,,,9/19/2017 10:33,PSUC_FEM_103443,126,urn:uuid:6ef8f121-06cf-4c81-aa3a-4b2e7d9f4325,http://scan-bugs.org/portal/collections/individual/index.php?occid=30107866
30107867,PSUC,ENTO,Coleoptera,Coccinellidae,"Cycloneda sanguinea (Linnaeus, 1763)",,,,,,,N. D. Blackburn,,,,7/11/1931,1931,7,11,192,,1931-07-11/1931-07-20,1,United States,Ohio,Ottawa,Put-in-Bay,Middle Bass Island,,0,,41.687677,-82.804669,WGS84,2355,,Andrew R. Deans,https://scholarsphere.psu.edu/files/cj82k747v,,,best guess at a point and coordinate uncertainty that includes all of Middle Bass Island,,,,,,,,,,9/19/2017 10:33,PSUC_FEM_103442,126,urn:uuid:a7d8b10c-e5e3-49bc-838c-55316c7a9375,http://scan-bugs.org/portal/collections/individual/index.php?occid=30107867
30107868,PSUC,ENTO,Coleoptera,Coccinellidae,"Coccinella novemnotata Herbst, 1793",,,,,,,N. D. Blackburn,,,,7/1/1931,1931,7,1,182,,1931-07-01/1931-07-10,1,United States,Ohio,Ottawa,Put-in-Bay,Middle Bass Island,Not sure what state or location is indicated,0,,41.687677,-82.804669,WGS84,2355,,Andrew R. Deans,https://scholarsphere.psu.edu/files/cj82k747v,,,best guess at a point and coordinate uncertainty that includes all of Middle Bass Island,,,,,,,,,,9/19/2017 10:33,PSUC_FEM_30056,126,urn:uuid:c54d79e7-0ca5-4b79-b0df-24c6a7d785f5,http://scan-bugs.org/portal/collections/individual/index.php?occid=30107868
30107869,PSUC,ENTO,Coleoptera,Coccinellidae,"Coccinella novemnotata Herbst, 1793",,,,,,,N. D. Blackburn,,,,7/1/1931,1931,7,1,182,,1931-07-01/1931-07-10,1,United States,Ohio,Ottawa,Put-in-Bay,Middle Bass Island,,0,,41.687677,-82.804669,WGS84,2355,,Andrew R. Deans,https://scholarsphere.psu.edu/files/cj82k747v,,,best guess at a point and coordinate uncertainty that includes all of Middle Bass Island,,,,,,,,,,9/19/2017 10:33,PSUC_FEM_30057,126,urn:uuid:f8437a2d-286a-4b5d-8110-3a5305c9f98c,http://scan-bugs.org/portal/collections/individual/index.php?occid=30107869
36261639,PSUC,ENTO,Coleoptera,Coccinellidae,Adalia bipunctata,23310,"(Linnaeus, 1758)",Adalia,bipunctata,,,Jim Steinke,,,,6/6/1963,1963,6,6,157,,,1,United States,Ohio,Centre,Van Wert,Van Wert,,0,,,,WGS84,,,,https://doi.org/10.18113/S1964W,,,,,,,,,,,,,11/28/2018 16:19,,126,urn:uuid:b0df6fa2-f4e3-4aa7-bc90-a5fa3ccf69aa,http://scan-bugs.org/portal/collections/individual/index.php?occid=36261639
36261643,PSUC,ENTO,Coleoptera,Coccinellidae,Adalia bipunctata,23310,"(Linnaeus, 1758)",Adalia,bipunctata,,,H. D. Blackburn,,,,6/20/1931,1931,6,20,171,,1931-06-20/1931-06-30,1,United States,Ohio,Ottawa,,Kelley's Island,,0,,41.604215,-82.707404,WGS84,3620,,https://orcid.org/0000-0002-2119-4663,https://doi.org/10.18113/S1964W,,,,,,,,,,,,,11/28/2018 16:19,,126,urn:uuid:d4b0d095-8a0d-419d-9782-e53a7373225a,http://scan-bugs.org/portal/collections/individual/index.php?occid=36261643
36261980,PSUC,ENTO,Coleoptera,Coccinellidae,Coleomegilla maculata fuscilabris,43425,"(Mulsant, 1866)",Coleomegilla,maculata,,fuscilabris,N. D. Blackburn Collection,,,,6/20/1931,1931,6,20,171,,1931-06-20/1931-06-30,1,United States,Ohio,Ottawa,,"Put-in-Bay, Kelley's Island",,0,,41.604215,-82.707404,WGS84,3620,,https://orcid.org/0000-0002-2119-4663,https://doi.org/10.18113/S1964W,,,,,,,,,,,,,11/28/2018 16:19,,126,urn:uuid:545ed4c6-5987-48ce-99b1-b84411c2a0de,http://scan-bugs.org/portal/collections/individual/index.php?occid=36261980
36261981,PSUC,ENTO,Coleoptera,Coccinellidae,Coleomegilla maculata fuscilabris,43425,"(Mulsant, 1866)",Coleomegilla,maculata,,fuscilabris,N. D. Blackburn Collection,,,,7/11/1931,1931,7,11,192,,1931-07-11/1931-07-20,1,United States,Ohio,Ottawa,,"Put-in-Bay, Kelley's Island",,0,,41.604215,-82.707404,WGS84,3620,,https://orcid.org/0000-0002-2119-4663,https://doi.org/10.18113/S1964W,,,,,,,,,,,,,11/28/2018 16:19,,126,urn:uuid:14a3eb0b-5f03-4860-bf29-9b1d0dff5437,http://scan-bugs.org/portal/collections/individual/index.php?occid=36261981
36262072,PSUC,ENTO,Coleoptera,Coccinellidae,Chilocorus bivulnerus,,"Mulsant, 1850",,,,,Hodge,,,,,,,,,,,1,United States,Ohio,,,,,0,,,,WGS84,,,,https://doi.org/10.18113/S1964W,,,,,,,,,,,,,11/28/2018 15:14,,126,urn:uuid:6aa6ce2f-284c-4999-befc-4cd874c62aa2,http://scan-bugs.org/portal/collections/individual/index.php?occid=36262072
36262073,PSUC,ENTO,Coleoptera,Coccinellidae,Chilocorus bivulnerus,,"Mulsant, 1850",,,,,,,,,,,,,,,,1,United States,Ohio,,,,,0,,,,WGS84,,,,https://doi.org/10.18113/S1964W,,,,,,,,,,,,,11/28/2018 15:14,,126,urn:uuid:f912a9da-436d-4608-95fc-80cf286406bd,http://scan-bugs.org/portal/collections/individual/index.php?occid=36262073
36262140,PSUC,ENTO,Coleoptera,Coccinellidae,Coccinella novemnotata,25517,"Herbst, 1793",Coccinella,novemnotata,,,Jim Steinke,,,,1963-00-00,1963,0,0,,,Sat Aug 10 00:00:00 EDT 1963,1,United States,Ohio,Van Wert,Van Wert,Van Wert,Van Wert Co.,0,,,,WGS84,,,,https://doi.org/10.18113/S1964W,,,,,,,,,,,,,11/28/2018 16:19,,126,urn:uuid:6ed1f82f-4696-4a51-9be5-f1589fc89271,http://scan-bugs.org/portal/collections/individual/index.php?occid=36262140
36262147,PSUC,ENTO,Coleoptera,Coccinellidae,Coccinella novemnotata,25517,"Herbst, 1793",Coccinella,novemnotata,,,Jim Steinke,,,,1963-00-00,1963,0,0,,,Fri Sep 06 00:00:00 EDT 1963,1,United States,Ohio,Van Wert,Van Wert,Van Wert,Van Wert Co.,0,,,,WGS84,,,,https://doi.org/10.18113/S1964W,,,,,,,,,,,,,11/28/2018 16:19,,126,urn:uuid:13f22727-2e26-4167-8e6e-a9f4e8f19d1a,http://scan-bugs.org/portal/collections/individual/index.php?occid=36262147
36262162,PSUC,ENTO,Coleoptera,Coccinellidae,Coccinella novemnotata,25517,"Herbst, 1793",Coccinella,novemnotata,,,N. D. Blackburn,,,,7/1/1931,1931,7,1,182,,1931-07-01/1931-07-10,1,United States,Ohio,Ottawa,,Middle Bass Island,Not sure what state or location is indicated,0,,41.683453,-82.808383,WGS84,3036,,https://orcid.org/0000-0002-2119-4663,https://doi.org/10.18113/S1964W,,,,,,,,,,,,,11/28/2018 16:19,,126,urn:uuid:ffdf50c6-c5fa-418b-9f9b-efa9ff6a33f3,http://scan-bugs.org/portal/collections/individual/index.php?occid=36262162
36262163,PSUC,ENTO,Coleoptera,Coccinellidae,Coccinella novemnotata,25517,"Herbst, 1793",Coccinella,novemnotata,,,N. D. Blackburn,,,,7/1/1931,1931,7,1,182,,1931-07-01/1931-07-10,1,United States,Ohio,Ottawa,,Middle Bass Island,,0,,41.683453,-82.808383,WGS84,3036,,https://orcid.org/0000-0002-2119-4663,https://doi.org/10.18113/S1964W,,,,,,,,,,,,,11/28/2018 16:19,,126,urn:uuid:5b05070e-538b-4b69-a387-1bb6cca5fe48,http://scan-bugs.org/portal/collections/individual/index.php?occid=36262163
36262187,PSUC,ENTO,Coleoptera,Coccinellidae,Coccinella transversoguttata,25521,"Faldermann, 1835",Coccinella,transversoguttata,,,N. D. Blackburn,,,,7/1/1931,1931,7,1,182,,1931-07-01/1931-07-10,1,United States,Ohio,Ottawa,,"Put-in-Bay, Kelley's Island",,0,,41.604215,-82.707404,WGS84,3620,,https://orcid.org/0000-0002-2119-4663,https://doi.org/10.18113/S1964W,,,,,,,,,,,,,11/28/2018 16:19,,126,urn:uuid:4a1a29fa-53bb-4723-a81f-4553f1ebe956,http://scan-bugs.org/portal/collections/individual/index.php?occid=36262187
36262269,PSUC,ENTO,Coleoptera,Coccinellidae,Coleomegilla maculata fuscilabris,43425,"(Mulsant, 1866)",Coleomegilla,maculata,,fuscilabris,Jim Steinke,,,,6/6/1963,1963,6,6,157,,,1,United States,Ohio,Van Wert,Van Wert,Van Wert,Van Wert Co.,0,,,,WGS84,,,,https://doi.org/10.18113/S1964W,,,,,,,,,,,,,11/28/2018 16:19,,126,urn:uuid:09e5de50-1a46-46ad-9633-54394cad1d65,http://scan-bugs.org/portal/collections/individual/index.php?occid=36262269
36262325,PSUC,ENTO,Coleoptera,Coccinellidae,Cycloneda sanguinea,25913,"(Linnaeus, 1763)",Cycloneda,sanguinea,,,N. D. Blackburn,,,,7/11/1931,1931,7,11,192,,1931-07-11/1931-07-20,1,United States,Ohio,Ottawa,,Middle Bass Island,,0,,41.683453,-82.808383,WGS84,3036,,https://orcid.org/0000-0002-2119-4663,https://doi.org/10.18113/S1964W,,,,,,,,,,,,,11/28/2018 16:19,,126,urn:uuid:5777897d-7339-4a9d-b91c-60a7e4407b43,http://scan-bugs.org/portal/collections/individual/index.php?occid=36262325
36262326,PSUC,ENTO,Coleoptera,Coccinellidae,Cycloneda sanguinea,25913,"(Linnaeus, 1763)",Cycloneda,sanguinea,,,N. D. Blackburn,,,,7/1/1931,1931,7,1,182,,1931-07-01/1931-07-10,1,United States,Ohio,Ottawa,,Middle Bass Island,,0,,41.683453,-82.808383,WGS84,3036,,https://orcid.org/0000-0002-2119-4663,https://doi.org/10.18113/S1964W,,,,,,,,,,,,,11/28/2018 16:19,,126,urn:uuid:45d640fb-d6d8-40b6-a1d7-82342a6be066,http://scan-bugs.org/portal/collections/individual/index.php?occid=36262326
36262716,PSUC,ENTO,Coleoptera,Coccinellidae,Hippodamia convergens,27393,"Guérin-Méneville, 1842",Hippodamia,convergens,,,N. D. Blackburn,,,,7/1/1931,1931,7,1,182,,1931-07-01/1931-07-10,1,United States,Ohio,Ottawa,,Middle Bass Island,,0,,41.683453,-82.808383,WGS84,3036,,https://orcid.org/0000-0002-2119-4663,https://doi.org/10.18113/S1964W,,,,,,,,,,,,,11/28/2018 16:19,,126,urn:uuid:5d332b18-b457-4fd9-8abf-1d74562ba5b8,http://scan-bugs.org/portal/collections/individual/index.php?occid=36262716
36262719,PSUC,ENTO,Coleoptera,Coccinellidae,Hippodamia convergens,27393,"Guérin-Méneville, 1842",Hippodamia,convergens,,,N. D. Blackburn,,,,7/1/1931,1931,7,1,182,,1931-07-01/1931-07-10,1,United States,Ohio,Ottawa,,Middle Bass Island,,0,,41.683453,-82.808383,WGS84,3036,,https://orcid.org/0000-0002-2119-4663,https://doi.org/10.18113/S1964W,,,,,,,,,,,,,11/28/2018 16:19,,126,urn:uuid:4358d233-37d8-4ae3-9520-f28b2244ddf6,http://scan-bugs.org/portal/collections/individual/index.php?occid=36262719
36262770,PSUC,ENTO,Coleoptera,Coccinellidae,Hippodamia convergens,27393,"Guérin-Méneville, 1842",Hippodamia,convergens,,,N. D. Blackburn,,,,7/11/1931,1931,7,11,192,,1931-07-11/1931-07-20,1,United States,Ohio,Ottawa,Put-in-Bay,South Bass Island,,0,,41.654216,-82.820743,WGS84,3036,,https://orcid.org/0000-0002-2119-4663,https://doi.org/10.18113/S1964W,,,,,,,,,,,,,11/28/2018 16:19,,126,urn:uuid:3e22c1fe-6f56-45c9-8516-10e495a79096,http://scan-bugs.org/portal/collections/individual/index.php?occid=36262770
36262771,PSUC,ENTO,Coleoptera,Coccinellidae,Hippodamia convergens,27393,"Guérin-Méneville, 1842",Hippodamia,convergens,,,N. D. Blackburn,,,,6/20/1931,1931,6,20,171,,1931-06-20/1931-06-30,1,United States,Ohio,Ottawa,,Kelley's Island,,0,,41.604215,-82.707404,WGS84,3620,,https://orcid.org/0000-0002-2119-4663,https://doi.org/10.18113/S1964W,,,,,,,,,,,,,11/28/2018 16:19,,126,urn:uuid:aa1f917a-c9cc-41f0-b332-08d509ea892b,http://scan-bugs.org/portal/collections/individual/index.php?occid=36262771
36262772,PSUC,ENTO,Coleoptera,Coccinellidae,Hippodamia convergens,27393,"Guérin-Méneville, 1842",Hippodamia,convergens,,,N. D. Blackburn,,,,7/1/1931,1931,7,1,182,,1931-07-01/1931-07-10,1,United States,Ohio,Ottawa,,Middle Bass Island,,0,,41.683453,-82.808383,WGS84,3036,,https://orcid.org/0000-0002-2119-4663,https://doi.org/10.18113/S1964W,,,,,,,,,,,,,11/28/2018 16:19,,126,urn:uuid:d042bed9-a2ce-4386-93dc-0eec41f91dfd,http://scan-bugs.org/portal/collections/individual/index.php?occid=36262772
36262773,PSUC,ENTO,Coleoptera,Coccinellidae,Hippodamia convergens,27393,"Guérin-Méneville, 1842",Hippodamia,convergens,,,N. D. Blackburn,,,,6/20/1931,1931,6,20,171,,1931-06-20/1931-06-30,1,United States,Ohio,Ottawa,Put-in-Bay,South Bass Island,,0,,41.654216,-82.820743,WGS84,3036,,https://orcid.org/0000-0002-2119-4663,https://doi.org/10.18113/S1964W,,,,,,,,,,,,,11/28/2018 16:19,,126,urn:uuid:43e4b816-7ca7-48f2-bd4d-d899ce8508ed,http://scan-bugs.org/portal/collections/individual/index.php?occid=36262773
36262784,PSUC,ENTO,Coleoptera,Coccinellidae,Hippodamia convergens,27393,"Guérin-Méneville, 1842",Hippodamia,convergens,,,Jim Steinke,,,,1963-00-00,1963,0,0,,,Tue Sep 10 00:00:00 EDT 1963,1,United States,Ohio,Van Wert,Van Wert,Van Wert,Van Wert Co.,0,,,,WGS84,,,,https://doi.org/10.18113/S1964W,,,,,,,,,,,,,11/28/2018 16:19,,126,urn:uuid:77bc2862-b77c-424e-800e-60b631bcf971,http://scan-bugs.org/portal/collections/individual/index.php?occid=36262784
36262845,PSUC,ENTO,Coleoptera,Coccinellidae,Hippodamia parenthesis,27400,"(Say, 1824)",Hippodamia,parenthesis,,,N. D. Blackburn,,,,7/11/1931,1931,7,11,192,,1931-07-11/1931-07-20,1,United States,Ohio,Ottawa,,Middle Bass Island,,0,,41.683453,-82.808383,WGS84,3036,,https://orcid.org/0000-0002-2119-4663,https://doi.org/10.18113/S1964W,,,,,,,,,,,,,11/28/2018 16:19,,126,urn:uuid:d8240221-df49-4e91-a8c7-22451c5c5934,http://scan-bugs.org/portal/collections/individual/index.php?occid=36262845
36262970,PSUC,ENTO,Coleoptera,Coccinellidae,Hippodamia trodecimpunctata,,"(LInnaeus, 1758)",,,,,N. D. Blackburn,,,,6/20/1937,1937,6,20,171,,1937-06-20/1937-06-30,1,United States,Ohio,Ottawa,,Kelley's Island,,0,,41.604215,-82.707404,WGS84,3620,,https://orcid.org/0000-0002-2119-4663,https://doi.org/10.18113/S1964W,,,,,,,,,,,,,11/28/2018 15:14,,126,urn:uuid:28c673a9-a9c9-4fed-8bf8-e0a30875f7ec,http://scan-bugs.org/portal/collections/individual/index.php?occid=36262970
36262971,PSUC,ENTO,Coleoptera,Coccinellidae,Hippodamia trodecimpunctata,,"(LInnaeus, 1758)",,,,,N. D. Blackburn,,,,7/1/1931,1931,7,1,182,,1931-07-01/1937-07-10,1,United States,Ohio,Ottawa,,Kelley's Island,,0,,41.604215,-82.707404,WGS84,3620,,https://orcid.org/0000-0002-2119-4663,https://doi.org/10.18113/S1964W,,,,,,,,,,,,,11/28/2018 15:14,,126,urn:uuid:8c9f6bf9-99b0-4e1b-9cfa-57526e230ec7,http://scan-bugs.org/portal/collections/individual/index.php?occid=36262971
36262972,PSUC,ENTO,Coleoptera,Coccinellidae,Hippodamia trodecimpunctata,,"(LInnaeus, 1758)",,,,,N. D. Blackburn,,,,7/1/1931,1931,7,1,182,,1931-07-01/1937-07-10,1,United States,Ohio,Ottawa,,Kelley's Island,,0,,41.604215,-82.707404,WGS84,3620,,https://orcid.org/0000-0002-2119-4663,https://doi.org/10.18113/S1964W,,,,,,,,,,,,,11/28/2018 15:14,,126,urn:uuid:4ab5066e-0d0f-44b8-8de9-1a25a1078e41,http://scan-bugs.org/portal/collections/individual/index.php?occid=36262972
36262973,PSUC,ENTO,Coleoptera,Coccinellidae,Hippodamia trodecimpunctata,,"(LInnaeus, 1758)",,,,,N. D. Blackburn,,,,7/11/1931,1931,7,11,192,,1931-07-11/1931-07-20,1,United States,Ohio,Ottawa,,Kelley's Island,,0,,41.604215,-82.707404,WGS84,3620,,https://orcid.org/0000-0002-2119-4663,https://doi.org/10.18113/S1964W,,,,,,,,,,,,,11/28/2018 15:14,,126,urn:uuid:f3ed07ba-fb4b-4638-8dda-73464ae354eb,http://scan-bugs.org/portal/collections/individual/index.php?occid=36262973
36262974,PSUC,ENTO,Coleoptera,Coccinellidae,Hippodamia trodecimpunctata,,"(LInnaeus, 1758)",,,,,N. D. Blackburn,,,,7/11/1931,1931,7,11,192,,1931-07-11/1931-07-20,1,United States,Ohio,Ottawa,,Kelley's Island,,0,,41.604215,-82.707404,WGS84,3620,,https://orcid.org/0000-0002-2119-4663,https://doi.org/10.18113/S1964W,,,,,,,,,,,,,11/28/2018 15:14,,126,urn:uuid:db898388-b975-44a3-b3ae-b532522a11ea,http://scan-bugs.org/portal/collections/individual/index.php?occid=36262974
36262975,PSUC,ENTO,Coleoptera,Coccinellidae,Hippodamia trodecimpunctata,,"(LInnaeus, 1758)",,,,,N. D. Blackburn,,,,7/11/1931,1931,7,11,192,,1931-07-11/1931-07-20,1,United States,Ohio,Ottawa,,Kelley's Island,,0,,41.604215,-82.707404,WGS84,3620,,https://orcid.org/0000-0002-2119-4663,https://doi.org/10.18113/S1964W,,,,,,,,,,,,,11/28/2018 15:14,,126,urn:uuid:c46b9425-96f0-417c-bdbb-4d16750253aa,http://scan-bugs.org/portal/collections/individual/index.php?occid=36262975
