ecatalogue_key,IdeFiledAsFamily,IdeFiledAsSubfamily,DarScientificName,LotRegion_tab,LotNoOfSpecimens_tab,LotPrimaryType,LotSyntypes,LotParatypes
1,Coccinellidae,Coccinellinae,"Ceratomegilla alpina (A. Villa & G. B. Villa, 1835)",Palearctic,19,,,
2,Coccinellidae,Coccinellinae,"Hippodamia alpina (A. Villa, 1835)",Palearctic,4,,,
3,Coccinellidae,Epilachninae,"Henosepilachna occellata (Bertoloni, 1849)",Neotropical,1,,,
4,Coccinellidae,Coccinellinae,"Oenopia guttata (Blackburn, 1892)",Australian,2,,,
5,Coccinellidae,Coccidulinae,"Rhyzobius lophanthae (Blaisdell, 1892)","Palearctic
Nearctic
Australian","5
14
1",,,
6,Coccinellidae,Chilocorinae,"Exochomus aethiops (Bland, 1864)",Nearctic,33,,,
7,Coccinellidae,Scymninae,"Nephaspis oculatus (Blatchley, 1917)",Nearctic,3,,,
8,Coccinellidae,Chilocorinae,"Halmus chalybeus (Boisduval, 1835)",Pacific,8,,,
9,Coccinellidae,Chilocorinae,"Halmus chalybeus (Boisduval, 1835)",Nearctic,5,,,
10,Coccinellidae,Coccinellinae,"Harmonia conformis (Boisduval, 1835)","Nearctic
Australian","1
19",,,
11,Coccinellidae,Epilachninae,"Henosepilachna haemorrhoa (Boisduval, 1835)",Pacific,51,,,
12,Coccinellidae,Epilachninae,"Henosepilachna signatipennis (Boisduval, 1835)","Pacific
unknown","50
1",,,
13,Coccinellidae,Scymninae,"Scymnus apetzoides (Capra & Fürsch, 1967)",Palearctic,34,,,
14,Coccinellidae,Scymninae,"Zilus subtropicus (Casey, 1894)",Nearctic,1,,,
15,Coccinellidae,Coccinellinae,"Mulsantina hudsonica (Casey, 1899)",Nearctic,18,,,
16,Coccinellidae,Coccinellinae,"Myzia interrupta (Casey, 1899)","Nearctic
Neotropical","10
1",,,
17,Coccinellidae,Scymninae,"Scymnus (Pullus) gilae (Casey, 1899)",Nearctic,7,,,
18,Coccinellidae,Scymninae,"Nephus (Scymnobius) quadrarius (Casey, 1924)",Nearctic,1,,,
19,Coccinellidae,Chilocorinae,"Telsimia nitida (Chapin, 1926)",Pacific,160,,,
20,Coccinellidae,Sticholotidinae,"Pharoscymnus setulosus (Chevrolat, 1861)",Palearctic,17,,,
21,Coccinellidae,Coccidulinae,"Rodolia koebelei (Coquillétt, 1893)",Nearctic,2,,,
22,Coccinellidae,Coccinellinae,"Tytthaspis phalerata (Costa, 1849)",Palearctic,6,,,
23,Coccinellidae,Coccinellinae,"Coccinella notulata (Crotch, 1874)",Nearctic,11,,,
24,Coccinellidae,Coccinellinae,Cheilomenes intermedia (Crotch),Afrotropical,1,,,
25,Coccinellidae,Chilocorinae,"Axion tripustulatum (De Geer, 1775)",Nearctic,23,,,
26,Coccinellidae,Coccinellinae,"Anatis quindecimpunctata (De Geer, 1775)",Nearctic,24,,,
27,Coccinellidae,Coccinellinae,"Adalia flavomaculata (De Geer, 1778)",Afrotropical,14,,,
28,Coccinellidae,Epilachninae,"Epilachna azurea (de Laporte de Castelnau, 1840)",Neotropical,4,,,
29,Coccinellidae,Epilachninae,"Epilachna flavofasciata (de Laporte de Castelnau, 1840)",Neotropical,39,,,
30,Coccinellidae,Coccinellinae,"Aphidecta livida (DeGeer, 1775)",Palearctic,7,,,
31,Coccinellidae,Epilachninae,"Henosepilachna hemispherica (Dieke, 1947)",Oriental,7,,,
32,Coccinellidae,Chilocorinae,"Arawana cubensis (Dimmock, 1906)",Neotropical,4,,,
33,Coccinellidae,Scymninae,"Nephus (Scymnobius) gordoni (Dozier, 1971)",Nearctic,1,,,
34,Coccinellidae,Coccinellinae,"Micraspis frenata (Erichson, 1842)",Australian,41,,,
35,Coccinellidae,Coccidulinae,"Rhyzobius ventralis (Erichson, 1842)","Australian
Nearctic","31
6",,,
36,Coccinellidae,Epilachninae,"Toxotoma venusta (Erichson, 1847)",Neotropical,7,,,
37,Coccinellidae,Epilachninae,"Henosepilachna diffinis (Eydoux & Souleyet, 1839)",Afrotropical,10,,,
38,Coccinellidae,Epilachninae,"Henosepilachna diffinis (Eydoux & Souleyet, 1839)",Oriental,9,,,
39,Coccinellidae,Epilachninae,"Henosepilachna diffinis (Eydoux & Souleyet, 1839)",Afrotropical,10,,,
40,Coccinellidae,Scymninae,"Didion punctatum (F. E. Melsheimer, 1847)",Nearctic,10,,,
41,Coccinellidae,Scymninae,"Nephus (Scymnobius) flavifrons (F. E. Melsheimer, 1847)",Nearctic,18,,,
42,Coccinellidae,Scymninae,"Brachiacantha decempustulata (F. E. Melsheimer, 1847)",Nearctic,25,,,
43,Coccinellidae,Coccinellinae,"Eriopis magellanica (F. Philippi & Philippi, 1864)",Neotropical,6,,,
44,Coccinellidae,Coccinellinae,"Coelophora inaequalis (Fabricius, 1775)","Afrotropical
Neotropical
Oriental
Pacific
Australian","2
1
22
69
33",,,
45,Coccinellidae,Coccinellinae,"Hippodamia glacialis (Fabricius, 1775)",Nearctic,101,,,
46,Coccinellidae,Coccinellinae,"Micraspis striata (Fabricius, 1775)",Afrotropical,28,,,
47,Coccinellidae,Coccinellinae,"Megalocaria dilatata (Fabricius, 1775)",Oriental,8,,,
48,Coccinellidae,Coccinellinae,"Micraspis lineola (Fabricius, 1775)",Oriental,8,,,
49,Coccinellidae,Coccinellinae,"Anisolemnia dilatata (Fabricius, 1775)",Oriental,6,,,
50,Coccinellidae,Coccinellinae,"Hippodamia glacialis glacialis (Fabricius, 1775)",Nearctic,5,,,
51,Coccinellidae,Coccinellinae,"Cheilomenes lunata (Fabricius, 1775)",Afrotropical,55,,,
52,Coccinellidae,Epilachninae,"Epilachna borealis (Fabricius, 1775)",Nearctic,50,,,
53,Coccinellidae,Epilachninae,"Epilachna borealis (Fabricius, 1775)",Nearctic,50,,,
54,Coccinellidae,Epilachninae,"Henosepilachna guttatopustulata (Fabricius, 1775)",Pacific,30,,,
55,Coccinellidae,Epilachninae,"Henosepilachna vigintioctopunctata (Fabricius, 1775)","Neotropical
Oriental
Palearctic
Pacific
unknown","12
25
23
10
1",,,
56,Coccinellidae,Scymninae,"Brachiacantha felina (Fabricius, 1775)",Nearctic,26,,,
57,Coccinellidae,Coccinellinae,"Psyllobora variegata (Fabricius, 1781)",Afrotropical,7,,,
58,Coccinellidae,Coccinellinae,"Harmonia quadripunctata sedecimpunctata (Fabricius, 1781)",Palearctic,11,,,
59,Coccinellidae,Coccinellinae,"Harmonia octomaculata (Fabricius, 1781)",Pacific,8,,,
60,Coccinellidae,Coccinellinae,"Cheilomenes sexmaculata (Fabricius, 1781)","Oriental
Australian
Pacific
Afrotropical","42
9
5
1",,,
61,Coccinellidae,Coccinellinae,"Harmonia dimidiata (Fabricius, 1781)",Oriental,10,,,
62,Coccinellidae,Epilachninae,"Epilachna canina (Fabricius, 1781)",Afrotropical,7,,,
63,Coccinellidae,Scymninae,"Brachiacantha ursina (Fabricius, 1787)",Nearctic,163,,,
64,Coccinellidae,Coccinellinae,"Megalocaria tricolor (Fabricius, 1787)",Pacific,6,,,
65,Coccinellidae,Scymninae,"Hyperaspis erytrocephala (Fabricius, 1787)",Palearctic,1,,,
66,Coccinellidae,Coccidulinae,"Rhyzobius litura (Fabricius, 1787)",Palearctic,81,,,
67,Coccinellidae,Epilachninae,"Epilachna marginella (Fabricius, 1787)",Neotropical,2,,,
68,Coccinellidae,Epilachninae,"Henosepilachna undecimmaculata (Fabricius, 1787)",Palearctic,1,,,
69,Coccinellidae,Scymninae,"Scymnus frontalis (Fabricius, 1787)",Palearctic,26,,,
70,Coccinellidae,Coccinellinae,"Harmonia vigintiduomaculata (Fabricius, 1792)",Afrotropical,2,,,
71,Coccinellidae,Scymninae,"Scymnus rufipes (Fabricius, 1798)",Palearctic,6,,,
72,Coccinellidae,Coccinellinae,"Micraspis discolor (Fabricius, 1798)","Oriental
Afrotropical","20
3",,,
73,Coccinellidae,Chilocorinae,"Chilocorus nigritus (Fabricius, 1798)",Oriental,1,,,
74,Coccinellidae,Scymninae,"Brachiacantha bistripustulata (Fabricius, 1801)",Neotropical,82,,,
75,Coccinellidae,Coccinellinae,"Psyllobora confluens (Fabricius, 1801)",Palearctic,2,,,
76,Coccinellidae,Coccinellinae,"Psyllobora confluens (Fabricius, 1801)",Neotropical,32,,,
77,Coccinellidae,Coccinellinae,"Psyllobora divisa (Fabricius, 1801)",Neotropical,5,,,
78,Coccinellidae,Scymninae,"Hyperaspis marginella (Fabricius, 1801)",Nearctic,9,,,
79,Coccinellidae,Scymninae,"Hyperaspis sexverrucata (Fabricius, 1801)",Neotropical,3,,,
80,Coccinellidae,Scymninae,"Brachiacantha dentipes (Fabricius, 1801)","Nearctic
Neotropical","26
5",,,
81,Coccinellidae,Scymninae,"Brachiacantha octopustulata (Fabricius, 1801)",Neotropical,2,,,
82,Coccinellidae,Coccinellinae,"Harmonia axyridis spectabilis (Faldermann, 1835)",Palearctic,1,,,
83,Coccinellidae,Coccinellinae,"Harmonia axyridis conspicua (Faldermann, 1835)",Oriental,1,,,
84,Coccinellidae,Scymninae,"Nephus bielawskii (Fürsch, 1965)",Palearctic,1,,,
85,Coccinellidae,Scymninae,"Nephus (Scymnobius) bivulnerus (G. H. Horn, 1895)",Nearctic,4,,,
86,Coccinellidae,Scymninae,"Nephus (Scymnobius) sordidus (G. H. Horn, 1895)",Nearctic,5,,,
87,Coccinellidae,Scymninae,"Diomus bigemmeus (G. H. Horn, 1899)",Nearctic,3,,,
88,Coccinellidae,Scymninae,"Hyperaspidius marginatus (Gaines, 1933)",Nearctic,23,,,
89,Coccinellidae,Chilocorinae,"Brumus octosignatus (Gebler, 1830)",Palearctic,18,,,
90,Coccinellidae,Epilachninae,"Henosepilachna argus (Geoffroy in Fourcroy, 1785)",Palearctic,155,,,
91,Coccinellidae,Coccinellinae,"Coccinella ancoralis (Germar, 1824)",Neotropical,29,,,
92,Coccinellidae,Epilachninae,"Epilachna paenulata (Germar, 1824)",Neotropical,19,,,
93,Coccinellidae,Coccidulinae,"Exoplectra miniata (Germar, 1824)",Neotropical,7,,,
94,Coccinellidae,Coccinellinae,"Psyllobora imbecilla (Gerstaecker, 1871)",Afrotropical,3,,,
95,Coccinellidae,Coccinellinae,"Alesia aurora (Gerstaecker, 1871)",Afrotropical,7,,,
96,Coccinellidae,Coccinellinae,"Cheilomenes aurora (Gerstaecker, 1871)",Afrotropical,18,,,
97,Coccinellidae,Scymninae,"Scymnus rubromaculatus (Goeze, 1777)",Palearctic,84,,,
98,Coccinellidae,Scymninae,"Scymnus subvillosus (Goeze, 1777)",Palearctic,15,,,
99,Coccinellidae,Coccinellinae,"Hippodamia variegata (Goeze, 1777)","Oriental
Nearctic
Afrotropical
Palearctic
unknown","6
16
1
352
1",,,
100,Coccinellidae,Scymninae,"Scymnus interruptus (Goeze, 1777)",Palearctic,30,,,
101,Coccinellidae,Coccinellinae,"Mulsantina cyathigera (Gorham, 1891)",Neotropical,1,,,
102,Coccinellidae,Scymninae,"Brachiacantha erythrocephala (Gorham, 1894)",Nearctic,5,,,
103,Coccinellidae,Chilocorinae,"Brumoides septentrionis hogei (Gorham, 1894)",Nearctic,4,,,
104,Coccinellidae,Coccinellinae,"Micraspis bifurcata (Gorham, 1895)",unknown,9,,,
105,Coccinellidae,Epilachninae,"Mada inepta (Gorham, 1898)",Neotropical,4,,,
106,Coccinellidae,Scymninae,"Scymnus hausmanni (Gredler, 1866)",Palearctic,2,,,
107,Coccinellidae,Coccidulinae,"Eupalea picta (Guérin-Méneville, 1829)",Neotropical,8,,,
108,Coccinellidae,Coccinellinae,"Micraspis furcifera (Guérin-Méneville, 1835)",Australian,2,,,
109,Coccinellidae,Epilachninae,"Epilachna delessertii (Guérin-Méneville, 1840)",Oriental,10,,,
110,Coccinellidae,Coccinellinae,"Eriopis opposita (Guérin-Méneville, 1842)",Neotropical,1,,,
111,Coccinellidae,Epilachninae,"Epilachna cacica (Guérin-Méneville, 1844)",Neotropical,28,,,
112,Coccinellidae,Epilachninae,"Epilachna mexicana (Guérin-Méneville, 1844)",Neotropical,63,,,
113,Coccinellidae,Scymninae,"Cryptogonus orbiculus (Gyllenhal, 1808)",Oriental,9,,,
114,Coccinellidae,Epilachninae,"Henosepilachna quadrioculata (H. J. Kolbe, 1897)",,,,,
115,Coccinellidae,Scymninae,"Nephus quadrimaculatus (Herbst, 1783)",Palearctic,13,,,
116,Coccinellidae,Scymninae,"Hyperaspis reppensis (Herbst, 1783)",Nearctic,14,,,
117,Coccinellidae,Coccidulinae,"Coccidula rufa (Herbst, 1783)",Palearctic,188,,,
118,Coccinellidae,Scymninae,"Hyperaspis campestris (Herbst, 1783)",Palearctic,40,,,
119,Coccinellidae,Coccidulinae,"Rhyzobius chrysomeloides (Herbst, 1792)",Palearctic,29,,,
120,Coccinellidae,Scymninae,"Scymnus quadripustulatus (Herbst, 1793)",Palearctic,20,,,
121,Coccinellidae,Coccidulinae,Coccidula scutellata (Herbst),Palearctic,62,,,
122,Coccinellidae,Coccinellinae,"Harmonia dimidiata quinquedecimmaculata (Hope, 1831)",Oriental,6,,,
123,Coccinellidae,Chilocorinae,"Exochomus marginipennis (J. L. LeConte, 1824)",Nearctic,28,,,
124,Coccinellidae,Scymninae,"Nephus (Nephus) ornatus (J. L. LeConte, 1850)",Nearctic,3,,,
125,Coccinellidae,Scymninae,"Hyperaspis moerens (J. L. LeConte, 1850)",Nearctic,3,,,
126,Coccinellidae,Scymninae,"Scymnus (Pullus) lacustris (J. L. LeConte, 1850)",unknown,1,,,
127,Coccinellidae,Scymninae,"Scymnus (Pullus) lacustris (J. L. LeConte, 1850)",Nearctic,41,,,
128,Coccinellidae,Scymninae,"Scymnus levaillanti (J. L. LeConte, 1850)",Palearctic,2,,,
129,Coccinellidae,Scymninae,"Hyperaspidius vittigerus (J. L. LeConte, 1852)",Nearctic,1,,,
130,Coccinellidae,Scymninae,"Didion nanum (J. L. LeConte, 1852)",Nearctic,1,,,
131,Coccinellidae,Scymninae,"Nephus (Scymnobius) guttulatus (J. L. LeConte, 1852)",Nearctic,6,,,
132,Coccinellidae,Scymninae,"Nephus (Scymnobius) guttulatus (J. L. LeConte, 1852)",Nearctic,2,,,
133,Coccinellidae,Scymninae,"Diomus debilis (J. L. LeConte, 1852)",Nearctic,1,,,
134,Coccinellidae,Sticholotidinae,"Delphastus pusillus (J. L. LeConte, 1852)",Nearctic,35,,,
135,Coccinellidae,Coccinellinae,"Anatis rathvoni (J. L. LeConte, 1852)",Nearctic,42,,,
136,Coccinellidae,Scymninae,"Diomus amabilis (J. L. LeConte, 1852)",Nearctic,2,,,
137,Coccinellidae,Scymninae,"Scymnus cinctus (J. L. LeConte, 1852)",Neotropical,2,,,
138,Coccinellidae,Scymninae,"Hyperaspidius tristis (J. L. LeConte, 1880)",Nearctic,4,,,
139,Coccinellidae,Coccinellinae,"Coccinula redimita (J. Weise, 1885)",Palearctic,1,,,
140,Coccinellidae,Scymninae,"Nephus arcuatus (Kapur, 1959)",unknown,8,,,
141,Coccinellidae,Coccinellinae,"Hippodamia quinquesignata quinquesignata (Kirby, 1837)",Nearctic,10,,,
142,Coccinellidae,Coccinellinae,"Macronaemia episcopalis (Kirby, 1837)",Nearctic,29,,,
143,Coccinellidae,Coccinellinae,"Hippodamia quinquesignata (Kirby, 1837)",Nearctic,60,,,
144,Coccinellidae,Ortaliinae,"Ortalia flaveola (Klug, 1833)",Afrotropical,2,,,
145,Coccinellidae,Epilachninae,"Henosepilachna fabriciana (Korschefsky, 1787)",Palearctic,4,,,
146,Coccinellidae,Chilocorinae,"Chilocorus renipustulatus (L. G. Scriba, 1791)",Palearctic,43,,,
147,Coccinellidae,Epilachninae,"Epilachna tredecimnotata (Latreille, 1833)","Nearctic
Neotropical","4
40",,,
148,Coccinellidae,Chilocorinae,"Brumoides septentrionis davisi (Leng, 1908)",Nearctic,28,,,
149,Coccinellidae,Epilachninae,"Henosepilachna niponica (Lewis, 1896)",Oriental,4,,,
150,Coccinellidae,Coccinellinae,"Hippodamia tredecimpunctata (Linnaeus, 1758)","Nearctic
Palearctic","86
68",,,
151,Coccinellidae,Coccinellinae,"Oenopia conglobata (Linnaeus, 1758)",Palearctic,84,,,
152,Coccinellidae,Coccinellinae,"Halyzia sedecimguttata (Linnaeus, 1758)",Palearctic,27,,,
153,Coccinellidae,Coccinellinae,"Psyllobora vigintiduopunctata (Linnaeus, 1758)","Palearctic
Neotropical","183
2",,,
154,Coccinellidae,Coccinellinae,"Anatis ocellata (Linnaeus, 1758)","Palearctic
Nearctic","2
1",,,
155,Coccinellidae,Chilocorinae,"Brumus quadripustulatus (Linnaeus, 1758)","Nearctic
Palearctic","4
215",,,
156,Coccinellidae,Chilocorinae,"Chilocorus bipustulatus (Linnaeus, 1758)",Palearctic,183,,,
157,Coccinellidae,Coccinellinae,"Adalia bipunctata sexpustulata (Linnaeus, 1758)",Palearctic,1,,,
158,Coccinellidae,Coccinellinae,"Adalia bipunctata (Linnaeus, 1758)","Nearctic
Neotropical
Oriental
Palearctic","510
7
2
432",,,
159,Coccinellidae,Coccinellinae,"Adalia conglomerata (Linnaeus, 1758)",Palearctic,133,,,
160,Coccinellidae,Coccinellinae,"Adalia decempunctata (Linnaeus, 1758)",Palearctic,421,,,
161,Coccinellidae,Coccinellinae,"Anatis ocellata (Linnaeus, 1758)","Nearctic
Palearctic","5
138",,,
162,Coccinellidae,Coccinellinae,"Anisosticta novemdecimpunctata (Linnaeus, 1758)",Palearctic,149,,,
163,Coccinellidae,Coccinellinae,"Calvia quatuordecimguttata (Linnaeus, 1758)","Oriental
Nearctic
Palearctic","1
107
132",,,
164,Coccinellidae,Coccinellinae,"Oenopia conglobata conglobata (Linnaeus, 1758)",Palearctic,6,,,
165,Coccinellidae,Coccinellinae,"Propylaea quatuordecimguttata (Linnaeus, 1758)","Nearctic
Palearctic","7
194",,,
166,Coccinellidae,Coccinellinae,"Tytthaspis sedecimpunctata (Linnaeus, 1758)",Palearctic,166,,,
167,Coccinellidae,Epilachninae,"Subcoccinella vigintiquatuorpunctata (Linnaeus, 1758)","Nearctic
Palearctic","8
396",,,
168,Coccinellidae,Coccinellinae,"Propylea quatuordecimpunctata (Linnaeus, 1758)",Palearctic,29,,,
169,Coccinellidae,Coccinellinae,"Cycloneda sanguinea (Linnaeus, 1763)","Nearctic
Neotropical","54
117",,,
170,Coccinellidae,Scymninae,"Hyperaspidius trimaculatus (Linnaeus, 1767)",Nearctic,5,,,
171,Coccinellidae,Chilocorinae,"Chilocorus cacti (Linnaeus, 1767)","Nearctic
Neotropical","42
34",,,
172,Coccinellidae,Coccinellinae,"Isora circularis (Mader, 1941)",Afrotropical,1,,,
173,Coccinellidae,Epilachninae,"Epilachna aenigma (Mader, 1941)",Neotropical,10,,,
174,Coccinellidae,Epilachninae,"Epilachna bolivicola (Mader, 1950)",Neotropical,1,,,
175,Coccinellidae,Epilachninae,Epiverta chelonia (Mader),Oriental,1,,,
176,Coccinellidae,Coccinellinae,"Ceratomegilla vittigera (Mannerheim, 1843)",Nearctic,148,,,
177,Coccinellidae,Coccinellinae,"Paranaemia vittigera (Mannerheim, 1843)","Neotropical
Nearctic","17
2",,,
178,Coccinellidae,Coccinellinae,"Naemia seriata seriata (Melsheimer, 1847)",Nearctic,11,,,
179,Coccinellidae,Coccinellinae,"Naemia seriata (Melsheimer, 1847)","Nearctic
Neotropical","15
2",,,
180,Coccinellidae,Scymninae,"Scymnus ferrugatus (Moll, 1785)",Palearctic,198,,,
181,Coccinellidae,Scymninae,"Hyperaspis femorata (Motschulsky, 1837)",Nearctic,3,,,
182,Coccinellidae,Scymninae,"Diomus rudis (Motschulsky, 1837)",Palearctic,2,,,
183,Coccinellidae,Scymninae,"Hyperaspis quadrioculata quadrioculata (Motschulsky, 1845)",Nearctic,1,,,
184,Coccinellidae,Scymninae,"Hyperaspis quadrioculata (Motschulsky, 1845)",Nearctic,34,,,
185,Coccinellidae,Coccinellinae,"Psyllobora vigintiseptempunctata (Motschulsky, 1849)",unknown,4,,,
186,Coccinellidae,Coccinellinae,"Bulaea lichatschovi pallida (Motschulsky, 1849)",Palearctic,3,,,
187,Coccinellidae,Epilachninae,"Henosepilachna vigintioctomaculata (Motschulsky, 1857)",Oriental,4,,,
188,Coccinellidae,Scymninae,"Scymnus quadrillum (Motschulsky, 1858)",Oriental,1,,,
189,Coccinellidae,Scymninae,"Hyperaspis teinturieri (Mulsant & Godart, 1869)",Nearctic,4,,,
190,Coccinellidae,Scymninae,"Scymniscus anomus (Mulsant & Rey, 1850)",Palearctic,2,,,
191,Coccinellidae,Coccinellinae,"Oenopia doublieri (Mulsant, 1846)",Palearctic,4,,,
192,Coccinellidae,Scymninae,"Nephus redtenbacheri (Mulsant, 1846)",Palearctic,6,,,
193,Coccinellidae,Coccinellinae,"Calvia punctata (Mulsant, 1846)",Palearctic,2,,,
194,Coccinellidae,Coccinellinae,"Harmonia antipoda (Mulsant, 1848)",Australian,6,,,
195,Coccinellidae,Scymninae,"Cyrea quinquenotata (Mulsant, 1850)",Neotropical,10,,,
196,Coccinellidae,Scymninae,"Cyrea tessulata (Mulsant, 1850)",Neotropical,1,,,
197,Coccinellidae,Scymninae,"Diomus floridanus (Mulsant, 1850)",Nearctic,3,,,
198,Coccinellidae,Scymninae,"Diomus myrmidon (Mulsant, 1850)",Nearctic,3,,,
199,Coccinellidae,Scymninae,"Nephus (Sidis) binaevatus (Mulsant, 1850)",Nearctic,8,,,
200,Coccinellidae,Coccinellinae,"Spilindolla vigintiduonotata (Mulsant, 1850)",Neotropical,1,,,
201,Coccinellidae,Scymninae,"Diomus xanthaspis (Mulsant, 1850)",Nearctic,4,,,
202,Coccinellidae,Coccinellinae,"Coccinella boliviana (Mulsant, 1850)",Neotropical,1,,,
203,Coccinellidae,Coccinellinae,"Psyllobora bisoctonolata (Mulsant, 1850)","Palearctic
Afrotropical","2
1",,,
204,Coccinellidae,Scymninae,"Scymnus quadrivittatus (Mulsant, 1850)",Nearctic,2,,,
205,Coccinellidae,Coccinellinae,"Harmonia testudinaria (Mulsant, 1850)","Pacific
Australian","1
5",,,
206,Coccinellidae,Coccinellinae,"Myzia subvittata (Mulsant, 1850)",Nearctic,28,,,
207,Coccinellidae,Coccinellinae,"Neocalvia fulgurata (Mulsant, 1850)",Neotropical,2,,,
208,Coccinellidae,Coccinellinae,"Illeis bistigmosa (Mulsant, 1850)",Oriental,1,,,
209,Coccinellidae,Scymninae,"Hyperaspis decemverrucata (Mulsant, 1850)",Neotropical,1,,,
210,Coccinellidae,Scymninae,"Hyperaspis festiva (Mulsant, 1850)",Neotropical,21,,,
211,Coccinellidae,Scymninae,"Hyperaspis gacognii (Mulsant, 1850)",Neotropical,6,,,
212,Coccinellidae,Scymninae,"Hyperaspis quinquenotata (Mulsant, 1850)",Neotropical,1,,,
213,Coccinellidae,Scymninae,"Hyperaspis sphaeridiodes (Mulsant, 1850)",Neotropical,2,,,
214,Coccinellidae,Chilocorinae,"Curinus coeruleus (Mulsant, 1850)",Neotropical,20,,,
215,Coccinellidae,Coccinellinae,"Adalia rufescens (Mulsant, 1850)",Afrotropical,1,,,
216,Coccinellidae,Coccinellinae,"Adalia sommeri (Mulsant, 1850)",Afrotropical,1,,,
217,Coccinellidae,Coccinellinae,"Adalia stictica (Mulsant, 1850)",Palearctic,1,,,
218,Coccinellidae,Coccinellinae,"Archaioneda princeps (Mulsant, 1850)",Australian,7,,,
219,Coccinellidae,Coccinellinae,"Ceratomegilla rufocincta (Mulsant, 1850)",Palearctic,9,,,
220,Coccinellidae,Coccinellinae,"Ceratomegilla octodecimpustulata (Mulsant, 1850)",Neotropical,8,,,
221,Coccinellidae,Coccinellinae,"Coccinella bissexnotata (Mulsant, 1850)",Palearctic,1,,,
222,Coccinellidae,Scymninae,"Hyperaspis jocosa (Mulsant, 1850)",Neotropical,8,,,
223,Coccinellidae,Coccinellinae,"Coelophora saucia (Mulsant, 1850)",Oriental,6,,,
224,Coccinellidae,Coccinellinae,"Harmonia eucharis (Mulsant, 1850)",Oriental,4,,,
225,Coccinellidae,Coccinellinae,"Synona melanaria (Mulsant, 1850)","Pacific
Oriental",2,,,
226,Coccinellidae,Coccinellinae,"Verania afflicta (Mulsant, 1850)","Oriental
Afrotropical","12
1",,,
227,Coccinellidae,Coccinellinae,"Pristonema schaumi (Mulsant, 1850)",unknown,1,,,
228,Coccinellidae,Epilachninae,"Afidenta capicola (Mulsant, 1850)",Afrotropical,1,,,
229,Coccinellidae,Epilachninae,"Afidenta dahlbomi (Mulsant, 1850)",Afrotropical,1,,,
230,Coccinellidae,Epilachninae,"Afidenta godarti (Mulsant, 1850)",Afrotropical,2,,,
231,Coccinellidae,Epilachninae,"Afidenta gyllenhalli (Mulsant, 1850)",Afrotropical,3,,,
232,Coccinellidae,Epilachninae,"Henosepilachna enneasticta (Mulsant, 1850)",Oriental,6,,,
233,Coccinellidae,Epilachninae,"Henosepilachna indica (Mulsant, 1850)",unknown,7,,,
234,Coccinellidae,Epilachninae,"Henosepilachna pusillanima (Mulsant, 1850)",Oriental,12,,,
235,Coccinellidae,Epilachninae,"Henosepilachna taeniata (Mulsant, 1850)",Oriental,2,,,
236,Coccinellidae,Epilachninae,"Henosepilachna wissmanni (Mulsant, 1850)",Oriental,2,,,
237,Coccinellidae,Epilachninae,"Mada circumcincta (Mulsant, 1850)",Neotropical,1,,,
238,Coccinellidae,Epilachninae,"Mada virgata (Mulsant, 1850)",Neotropical,1,,,
239,Coccinellidae,Epilachninae,"Mada olluta (Mulsant, 1850)",Neotropical,1,,,
240,Coccinellidae,Scymninae,"Cyrea ormanceayi (Mulsant, 1850)",Neotropical,1,,,
241,Coccinellidae,Epilachninae,"Leptothea galbula (Mulsant, 1850)",Australian,6,,,
242,Coccinellidae,Scymninae,"Scymniscus biguttatus (Mulsant, 1850)",Palearctic,7,,,
243,Coccinellidae,Scymninae,"Scymnus argutus (Mulsant, 1850)",unknown,5,,,
244,Coccinellidae,Scymninae,"Diomus roseicollis (Mulsant, 1852)",Nearctic,1,,,
245,Coccinellidae,Coccinellinae,"Harmonia frigida (Mulsant, 1853)",Oriental,5,,,
246,Coccinellidae,Scymninae,"Hyperaspis arcualis (Mulsant, 1853)",Neotropical,4,,,
247,Coccinellidae,Scymninae,"Hyperaspis billoti (Mulsant, 1853)",Neotropical,1,,,
248,Coccinellidae,Coccinellinae,"Harmonia dianae (Mulsant, 1853)",Oriental,8,,,
249,Coccinellidae,Epilachninae,"Henosepilachna bisseptemnotata (Mulsant, 1853)",Afrotropical,1,,,
250,Coccinellidae,Scymninae,"Scymnodes lividigaster (Mulsant, 1853)",Australian,7,,,
251,Coccinellidae,Coccinellinae,"Harmonia manillana (Mulsant, 1866)","unknown
Pacific","10
6",,,
252,Coccinellidae,Coccinellinae,"Coleomegilla maculata fuscilabris (Mulsant, 1866)","Nearctic
Neotropical","247
1",,,
253,Coccinellidae,Coccinellinae,"Verania crocea (Mulsant, 1866)",Oriental,26,,,
254,Coccinellidae,Chilocorinae,Axion pilatii (Mulsant),Nearctic,6,,,
255,Coccinellidae,Coccinellinae,Cheilomenes bidentata (Mulsant),Afrotropical,5,,,
256,Coccinellidae,Scymninae,"Brachiacantha blaisdelli (Nunenmacher, 1909)",Nearctic,8,,,
257,Coccinellidae,Scymninae,"Hyperaspidius wolcotti (Nunenmacher, 1911)",Nearctic,2,,,
258,Coccinellidae,Chilocorinae,"Brumoides blumi (Nunenmacher, 1934)",Nearctic,3,,,
259,Coccinellidae,Coccinellinae,"Oenopia oncina (Olivier, 1808)",Palearctic,5,,,
260,Coccinellidae,Coccinellinae,"Oenopia lyncea (Olivier, 1808)",Palearctic,41,,,
261,Coccinellidae,Chilocorinae,"Axion plagiatum (Olivier, 1808)","Nearctic
Neotropical","15
1",,,
262,Coccinellidae,Epilachninae,"Epilachna obsoleta (Olivier, 1808)",Oriental,16,,,
263,Coccinellidae,Epilachninae,"Epilachna pavonia (Olivier, 1808)","Oriental
Afrotropical","14
1",,,
264,Coccinellidae,Scymninae,"Hyperaspis signata (Olivier, 1808)",Nearctic,70,,,
265,Coccinellidae,Chilocorinae,"Chilocorus similis (P. Rossi, 1790)",Palearctic,4,,,
266,Coccinellidae,Epilachninae,"Henosepilachna elaterii (P. Rossi, 1794)","Palearctic
Afrotropical","90
2",,,
267,Coccinellidae,Scymninae,"Scymnus marginalis (P. Rossi, 1794)",Palearctic,1,,,
268,Coccinellidae,Coccinellinae,"Harmonia axyridis (Pallas, 1773)",Palearctic,2,,,
269,Coccinellidae,Coccinellinae,"Harmonia axyridis (Pallas, 1773)","Nearctic
Oriental
Palearctic","532
13
20",,,
270,Coccinellidae,Coccidulinae,"Exoplectra connatus (Panzer, 1796)",Palearctic,8,,,
271,Coccinellidae,Scymninae,"Scymnus abietis (Paykull, 1798)",Palearctic,27,,,
272,Coccinellidae,Scymninae,"Clitostethus arcuatus (R. V. Rossi, 1794)","Nearctic
Palearctic","2
7",,,
273,Coccinellidae,Scymninae,"Stethorus minima (R. V. Rossi, 1794)",Palearctic,19,,,
274,Coccinellidae,Coccinellinae,"Mulsantina picta (Randall, 1838)",Nearctic,185,,,
275,Coccinellidae,Scymninae,"Hyperaspis bigeminata (Randall, 1838)",Nearctic,84,,,
276,Coccinellidae,Scymninae,"Hyperaspis lugubris (Randall, 1838)","Nearctic
Neotropical","16
1",,,
277,Coccinellidae,Coccinellinae,"Hippodamia tredecimpunctata tibialis (Say, 1824)",Nearctic,184,,,
278,Coccinellidae,Coccinellinae,"Anatis labiculata (Say, 1824)",Nearctic,291,,,
279,Coccinellidae,Coccinellinae,"Anisosticta bitriangularis (Say, 1824)",Afrotropical,109,,,
280,Coccinellidae,Coccinellinae,"Hippodamia parenthesis (Say, 1824)","Nearctic
Neotropical","178
1",,,
281,Coccinellidae,Scymninae,"Brachiacantha albifrons (Say, 1824)",Nearctic,10,,,
282,Coccinellidae,Scymninae,"Hyperaspis undulata (Say, 1824)",Nearctic,153,,,
283,Coccinellidae,Coccinellinae,"Psyllobora vigintimaculata (Say, 1824)","Nearctic
Neotropical","232
1",,,
284,Coccinellidae,Coccinellinae,"Anatis mali (Say, 1825)",Nearctic,34,,,
285,Coccinellidae,Scymninae,"Hyperaspis proba (Say, 1826)",Nearctic,40,,,
286,Coccinellidae,Scymninae,"Hyperaspis binotata (Say, 1826)",Nearctic,60,,,
287,Coccinellidae,Coccinellinae,"Myzia pullata (Say, 1826)",Nearctic,96,,,
288,Coccinellidae,Chilocorinae,"Chilocorus stigma (Say, 1835)",Nearctic,167,,,
289,Coccinellidae,Coccinellinae,"Cycloneda munda (Say, 1835)",Nearctic,137,,,
290,Coccinellidae,Scymninae,"Diomus terminatus (Say, 1835)",Nearctic,52,,,
291,Coccinellidae,Coccinellinae,"Hippodamia arctica (Schneider, 1792)",Oriental,1,,,
292,Coccinellidae,Coccinellinae,"Ceratomegilla quadrifasciata (Schoenherr, 1808)",Neotropical,11,,,
293,Coccinellidae,Coccinellinae,Myrrha albo-lineata (Schoenherr),Oriental,2,,,
294,Coccinellidae,Epilachninae,"Epilachna riveti (Sicard, 1911)",Neotropical,1,,,
295,Coccinellidae,Scymninae,"Nephus (Nephus) deserticola (Sicard, 1912)",Palearctic=3,2,,,
296,Coccinellidae,Epilachninae,"Henosepilachna lanceolata (Sicard, 1912)",Afrotropical,10,,,
297,Coccinellidae,Epilachninae,"Henosepilachna alternata (Sicard, 1930)",Afrotropical,31,,,
298,Coccinellidae,Coccinellinae,"Coelophora biplagiata (Swartz in Schönherr, 1808)","Oriental
Palearctic","14
2",,,
299,Coccinellidae,Coccinellinae,"Coelophora pupillata (Swartz in Schönherr, 1808)",Oriental,5,,,
300,Coccinellidae,Chilocorinae,"Exochomus flavipes (Thunberg, 1781)","Palearctic
Afrotropical
unknown","14
28
1",,,
301,Coccinellidae,Epilachninae,"Chnootriba similis (Thunberg, 1781)",Afrotropical,48,,,
302,Coccinellidae,Epilachninae,"Epilachna flavicollis (Thunberg, 1781)",Oriental,14,,,
303,Coccinellidae,Epilachninae,"Henosepilachna hirta (Thunberg, 1781)",Afrotropical,50,,,
304,Coccinellidae,Coccinellinae,"Aphidecta pallida (Thunberg, 1784)",Palearctic,11,,,
305,Coccinellidae,Coccinellinae,"Aphidecta sexnotata (Thunberg, 1784)",Palearctic,1,,,
306,Coccinellidae,Scymninae,"Hyperaspis connectens (Thunberg, 1808)","Nearctic
Neotropical","27
2",,,
307,Coccinellidae,Scymninae,"Zilus aterrimus (W. Horn, 1895)",Nearctic,1,,,
308,Coccinellidae,Scymninae,"Nephus (Scymnobius) intrusus (W. Horn, 1895)",Nearctic,6,,,
309,Coccinellidae,Chilocorinae,"Brumus oblongus (Weidenbach, 1859)",Palearctic,9,,,
310,Coccinellidae,Coccinellinae,"Coccinella simulatrix (Weise, 1879)",Palearctic,3,,,
311,Coccinellidae,Chilocorinae,"Brumoides septentrionis (Weise, 1885)",Nearctic,1,,,
312,Coccinellidae,Scymninae,"Diomus pumilio (Weise, 1885)",Australian,2,,,
313,Coccinellidae,Chilocorinae,"Brumoides septentrionis septentrionis (Weise, 1885)",Nearctic,8,,,
314,Coccinellidae,Coccidulinae,"Coccidula redemita (Weise, 1895)",Oriental,1,,,
315,Coccinellidae,Epilachninae,"Toxotoma pilifera (Weise, 1895)",Neotropical,8,,,
316,Coccinellidae,Scymninae,"Cryptogonus nigripennis (Weise, 1895)",Oriental,11,,,
317,Coccinellidae,Epilachninae,"Afidenta dolosa (Weise, 1897)",Oriental,2,,,
318,Coccinellidae,Epilachninae,"Afidenta kwaiensis (Weise, 1897)",unknown,1,,,
319,Coccinellidae,Epilachninae,"Epilachna honesta (Weise, 1897)",Neotropical,10,,,
320,Coccinellidae,Epilachninae,"Henosepilachna erichi (Weise, 1897)",Afrotropical,4,,,
321,Coccinellidae,Epilachninae,"Henosepilachna ertli (Weise, 1897)",Afrotropical,10,,,
322,Coccinellidae,Epilachninae,"Henosepilachna gangetina (Weise, 1897)",Oriental,9,,,
323,Coccinellidae,Epilachninae,"Henosepilachna johanna (Weise, 1897)",unknown,1,,,
324,Coccinellidae,Epilachninae,"Henosepilachna quadriguttata (Weise, 1897)",Afrotropical,2,,,
325,Coccinellidae,Epilachninae,"Henosepilachna soror (Weise, 1897)",Afrotropical,4,,,
326,Coccinellidae,Epilachninae,"Epilachna bennigseni (Weise, 1899)",Palearctic,9,,,
327,Coccinellidae,Epilachninae,"Epilachna calisto (Weise, 1899)",Afrotropical,1,,,
328,Coccinellidae,Epilachninae,"Henosepilachna guttifera (Weise, 1899)",Afrotropical,4,,,
329,Coccinellidae,Epilachninae,"Epilachna inserta (Weise, 1900)",Neotropical,1,,,
330,Coccinellidae,Epilachninae,"Epilachna soluta (Weise, 1900)",Afrotropical,1,,,
331,Coccinellidae,Epilachninae,"Henosepilachna morosa (Weise, 1900)",Afrotropical,1,,,
332,Coccinellidae,Epilachninae,"Henosepilachna tarda (Weise, 1900)",Afrotropical,1,,,
333,Coccinellidae,Epilachninae,"Epilachna gentilis (Weise, 1901)",Afrotropical,2,,,
334,Coccinellidae,Epilachninae,"Epilachna ostensa (Weise, 1902)",Neotropical,14,,,
335,Coccinellidae,Epilachninae,"Epilachna pastica (Weise, 1902)",Neotropical,5,,,
336,Coccinellidae,Epilachninae,"Henosepilachna biroi (Weise, 1902)",Palearctic,1,,,
337,Coccinellidae,Epilachninae,"Henosepilachna pauli (Weise, 1902)",Neotropical,1,,,
338,Coccinellidae,Epilachninae,"Henosepilachna humerosa (Weise, 1905)",Afrotropical,5,,,
339,Coccinellidae,Epilachninae,"Afidenta intermedia (Weise, 1926)",Afrotropical,2,,,
340,Coccinellidae,Scymninae,"Scymnus indianensis (Weise, 1929)",Nearctic,2,,,
341,Coccinellidae,Scymninae,"Scymnus indianensis (Weise, 1929)",Nearctic,9,,,
342,Coccinellidae,Epilachninae,"Henosepilachna regina (Weise, 1988)",Afrotropical,4,,,
343,Coccinellidae,Coccinellinae,Cheilomenes secessionis (Weise),Afrotropical,3,,,
344,Coccinellidae,Epilachninae,"Henosepilachna dodecastigma (Wiedemann, 1823)",Oriental,9,,,
345,Coccinellidae,Epilachninae,Epilachna eusema 1874,Neotropical,1,,,
346,Coccinellidae,Coccinellinae,"Cheilomenes samoensis Arrow, 1927",Afrotropical,2,,,
347,Coccinellidae,Chilocorinae,"Brumoides ovoideus Belicek, 1976",Nearctic,3,,,
348,Coccinellidae,Scymninae,"Hyperaspis jasperensis Belicek, 1976",Nearctic,1,,,
349,Coccinellidae,Epilachninae,"Afidentula nasti Bielawski, 1963",Pacific,1,,,
350,Coccinellidae,Scymninae,"Scymnus notescens Blackburn, 1889",Australian,2,,,
351,Coccinellidae,Coccidulinae,"Rhyzobius lacticulus Blackburn, 1889",Australian,20,,,
352,Coccinellidae,Coccidulinae,"Rhyzobius lindi Blackburn, 1889",Australian,2,,,
353,Coccinellidae,Epilachninae,"Epilachna v-pallidum Blanchard, 1846",Neotropical,1,,,
354,Coccinellidae,Scymninae,"Hyperaspis nigrosuturalis Blatchley, 1918",Nearctic,1,,,
355,Coccinellidae,Scymninae,"Cryptogonus fulvoterminatus Boheman, 1858",Oriental,10,,,
356,Coccinellidae,Scymninae,"Scymnus binotatus Boheman, 1859",Palearctic,1,,,
357,Coccinellidae,Scymninae,"Scymnus fuscatus Boheman, 1859",Oriental,9,,,
358,Coccinellidae,Epilachninae,Henosepilachna undecimvariolata Boisduval,Oriental,1,,,
359,Coccinellidae,Epilachninae,"Henosepilachna vigintisexpunetata Boisduval, 1835",Oriental,48,,,
360,Coccinellidae,Chilocorinae,"Orcus australasiae Boisduval, 1835",Australian,28,,,
361,Coccinellidae,Sticholotidinae,"Coccidophilus Brèthes, 1905",Neotropical,28,,,
362,Coccinellidae,Scymninae,"Parasidis porteri Brèthes, 1924",Neotropical,1,,,
363,Coccinellidae,Coccinellinae,"Coccinella transversoguttata richardsoni Brown, 1962","Nearctic
Neotropical","37
1",,,
364,Coccinellidae,Scymninae,"Scymnus bicolor C. Yang, 1978",Neotropical,4,,,
365,Coccinellidae,Scymninae,"Nephus (Sidis) armeniacus Canepari, 1979",Palearctic=3,2,,,
366,Coccinellidae,Scymninae,"Scymnus quadriguttatus Capra, 1924",Palearctic,1,,,
367,Coccinellidae,Scymninae,"Nephus tamariscis Capra, 1929",Palearctic,4,,,
368,Coccinellidae,Coccinellinae,Hippodamia quinquesignata uteana Casey,Nearctic,2,,,
369,Coccinellidae,Coccinellinae,Coccinella novemnotata oregona Casey,Nearctic,18,,,
370,Coccinellidae,Scymninae,Hyperaspis fastidiosa septentrionus Casey,Nearctic,1,,,
371,Coccinellidae,Scymninae,Scymnus (Pullus) aridus Casey,Nearctic,1,,,
372,Coccinellidae,Scymninae,"Hyperaspidius comparatus Casey, 1899",Nearctic,11,,,
373,Coccinellidae,Scymninae,"Zagloba beaumonti Casey, 1899",Neotropical,3,,,
374,Coccinellidae,Scymninae,"Hyperaspidius oblongus Casey, 1899",Nearctic,1,,,
375,Coccinellidae,Scymninae,"Hyperaspidius transfugatus Casey, 1899",Nearctic,2,,,
376,Coccinellidae,Scymninae,"Scymnus (Pullus) tahoensis Casey, 1899",Nearctic,1,,,
377,Coccinellidae,Coccinellinae,"Cycloneda polita Casey, 1899",Nearctic,28,,,
378,Coccinellidae,Coccinellinae,"Cycloneda sanguinea limbifer Casey, 1899",Neotropical,1,,,
379,Coccinellidae,Scymninae,"Hyperaspis pleuralis Casey, 1899",Nearctic,4,,,
380,Coccinellidae,Scymninae,"Hyperaspis medialis Casey, 1899",Nearctic,3,,,
381,Coccinellidae,Scymninae,"Hyperaspis oculaticauda Casey, 1899",Nearctic,4,,,
382,Coccinellidae,Scymninae,"Hyperaspis octonotata Casey, 1899","Nearctic
Neotropical","11
2",,,
383,Coccinellidae,Scymninae,"Scymnus (Pullus) renoicus Casey, 1899",Nearctic,4,,,
384,Coccinellidae,Scymninae,"Scymnus (Pullus) rubricaudus Casey, 1899",Nearctic,2,,,
385,Coccinellidae,Scymninae,"Scymnus (Pullus) rubricaudus Casey, 1899",Nearctic,29,,,
386,Coccinellidae,Coccinellinae,"Psyllobora borealis Casey, 1899",Nearctic,76,,,
387,Coccinellidae,Coccinellinae,"Psyllobora parvinotata Casey, 1899","Nearctic
Oriental","29
6",,,
388,Coccinellidae,Coccinellinae,"Psyllobora renifer Casey, 1899",Nearctic,16,,,
389,Coccinellidae,Scymninae,"Stethorus punctum picipes Casey, 1899",Nearctic,15,,,
390,Coccinellidae,Scymninae,"Scymnus (Pullus) uteanus Casey, 1899",Nearctic,1,,,
391,Coccinellidae,Scymninae,"Scymnus (Pullus) nugator Casey, 1899",Nearctic,1,,,
392,Coccinellidae,Scymninae,"Scymnus (Pullus) solidus Casey, 1899",Nearctic,3,,,
393,Coccinellidae,Sticholotidinae,"Coccidophilus atronitens Casey, 1899",Nearctic,10,,,
394,Coccinellidae,Sticholotidinae,"Delphastus Casey, 1899",Nearctic,52,,,
395,Coccinellidae,Coccinellinae,"Hippodamia sinuata crotchi Casey, 1899",Nearctic,4,,,
396,Coccinellidae,Coccinellinae,"Hippodamia apicalis Casey, 1899",Nearctic,166,,,
397,Coccinellidae,Coccinellinae,"Coccinella nivicola alutacea Casey, 1899",Nearctic,17,,,
398,Coccinellidae,Scymninae,"Scymnus (Pullus) partitus Casey, 1899",Nearctic,9,,,
399,Coccinellidae,Chilocorinae,"Chilocorus confusor Casey, 1899",Neotropical,1,,,
400,Coccinellidae,Chilocorinae,"Chilocorus orbus Casey, 1899",Nearctic,39,,,
401,Coccinellidae,Chilocorinae,"Exochomus californicus Casey, 1899",Nearctic,19,,,
402,Coccinellidae,Chilocorinae,"Exochomus fasciatus Casey, 1899",Nearctic,13,,,
403,Coccinellidae,Chilocorinae,"Exochomus subrotundus Casey, 1899",Nearctic,12,,,
404,Coccinellidae,Coccinellinae,"Anatis lecontei Casey, 1899",Nearctic,21,,,
405,Coccinellidae,Coccinellinae,"Coccinella novemnotata var. degenner Casey, 1899",Nearctic,11,,,
406,Coccinellidae,Coccinellinae,"Olla Casey, 1899",Neotropical,4,,,
407,Coccinellidae,Epilachninae,"Epilachna nigrovittata alutacea Casey, 1899",Nearctic,7,,,
408,Coccinellidae,Scymninae,"Brachiacantha decora Casey, 1899",Nearctic,22,,,
409,Coccinellidae,Scymninae,"Brachiacantha testudo Casey, 1899",Nearctic,3,,,
410,Coccinellidae,Scymninae,"Hyperaspis lateralis montanica Casey, 1899",Nearctic,14,,,
411,Coccinellidae,Scymninae,"Hyperaspis globula Casey, 1899",Nearctic,9,,,
412,Coccinellidae,Scymninae,"Hyperaspis medialis Casey, 1899",Nearctic,3,,,
413,Coccinellidae,Scymninae,"Hyperaspis signata bicentralis Casey, 1899",Nearctic,15,,,
414,Coccinellidae,Scymninae,"Hyperaspis inflexa Casey, 1899",Nearctic,6,,,
415,Coccinellidae,Scymninae,"Hyperaspis rotunda Casey, 1899","Nearctic
Neotropical","7
1",,,
416,Coccinellidae,Scymninae,"Hyperaspis simulans Casey, 1899",Nearctic,2,,,
417,Coccinellidae,Scymninae,"Hyperaspis elliptica Casey, 1899",Nearctic,1,,,
418,Coccinellidae,Scymninae,"Hyperaspis wickhami Casey, 1899",Nearctic,6,,,
419,Coccinellidae,Scymninae,"Scymnus (Pullus) calaveras Casey, 1899",Nearctic,21,,,
420,Coccinellidae,Scymninae,"Scymnus (Pullus) cockerelli Casey, 1899",Nearctic,3,,,
421,Coccinellidae,Scymninae,"Scymnus (Pullus) compar Casey, 1899",Nearctic,5,,,
422,Coccinellidae,Scymninae,"Scymnus (Scymnus) difficilis Casey, 1899",Nearctic,2,,,
423,Coccinellidae,Scymninae,"Scymnus (Pullus) humboldti Casey, 1899",Nearctic,40,,,
424,Coccinellidae,Scymninae,"Scymnus (Pullus) iowensis Casey, 1899",Nearctic,46,,,
425,Coccinellidae,Scymninae,"Scymnus (Pullus) jacobianus Casey, 1899",Nearctic,6,,,
426,Coccinellidae,Scymninae,"Scymnus (Pullus) kansanus Casey, 1899",Nearctic,4,,,
427,Coccinellidae,Scymninae,"Scymnus luctuosus Casey, 1899",Nearctic,3,,,
428,Coccinellidae,Scymninae,"Hyperaspis bensonica Casey, 1908",Nearctic,6,,,
429,Coccinellidae,Scymninae,"Brachiacantha uteella Casey, 1908",Nearctic,3,,,
430,Coccinellidae,Coccinellinae,"Coccinella johnsoni Casey, 1908",Nearctic,1,,,
431,Coccinellidae,Coccinellinae,"Hippodamia expurgata Casey, 1908",Nearctic,24,,,
432,Coccinellidae,Scymninae,"Hyperaspis nunenmacheri Casey, 1908",Nearctic,1,,,
433,Coccinellidae,Scymninae,"Hyperaspis oculifera Casey, 1908",Nearctic,2,,,
434,Coccinellidae,Scymninae,"Hyperaspis significans Casey, 1908",Nearctic,1,,,
435,Coccinellidae,Scymninae,"Hyperaspis octavia Casey, 1908",Nearctic,8,,,
436,Coccinellidae,Scymninae,"Hyperaspis conspirins Casey, 1908",Nearctic,1,,,
437,Coccinellidae,Scymninae,"Hyperaspis dissoluta nevadica Casey, 1908",Nearctic,7,,,
438,Coccinellidae,Scymninae,"Hyperaspis fastidiosa fastidiosa Casey, 1908",Nearctic,4,,,
439,Coccinellidae,Sticholotidinae,"Serangium japonicum japonicum Chapin, 1940",Palearctic,1,,,
440,Coccinellidae,Coccinellinae,"Hippodamia lunatomaculata dobzhanskyi Chapin, 1946",Nearctic,6,,,
441,Coccinellidae,Chilocorinae,"Brumoides nevadensis Chapin, 1965",Nearctic,6,,,
442,Coccinellidae,Chilocorinae,"Curinus colombianus Chapin, 1965",Neotropical,1,,,
443,Coccinellidae,Scymninae,"Scymnus (Scymnus) paracanus Chapin, 1973",Nearctic,13,,,
444,Coccinellidae,Scymninae,"Scymnus (Scymnus) apicanus Chapin, 1973",Nearctic,5,,,
445,Coccinellidae,Scymninae,"Scymnus louisianae Chapin, 1973",Nearctic,5,,,
446,Coccinellidae,Scymninae,"Thalassa pentaspilotus Chevrolat & Dejean, 1835",Neotropical,1,,,
447,Coccinellidae,Coccinellinae,"Psyllobora Chevrolat in Dejean, 1836","Nearctic
Neotropical","168
45",,,
448,Coccinellidae,Epilachninae,"Epilachna Chevrolat in Dejean, 1837","Nearctic
Neotropical
Oriental
Palearctic
Pacific
Afrotropical
unknown","73
47
14
2
2
28
27",,,
449,Coccinellidae,Coccidulinae,"Chnoodes Chevrolat, 1837",Neotropical,7,,,
450,Coccinellidae,Scymninae,"Brachiacantha Chevrolat, 1837","Nearctic
Neotropical","123
3",,,
451,Coccinellidae,Coccinellinae,Coccinella quinquelineata Crotch,Neotropical,6,,,
452,Coccinellidae,Coccinellinae,"Hippodamia americana Crotch, 1835",Nearctic,1,,,
453,Coccinellidae,Coccinellinae,"Cycloneda Crotch, 1871",Neotropical,8,,,
454,Coccinellidae,Coccinellinae,"Eumegilla Crotch, 1871",Neotropical,1,,,
455,Coccinellidae,Coccinellinae,"Coccinella prolongata Crotch, 1873",Nearctic,1,,,
456,Coccinellidae,Coccinellinae,"Hippodamia falcigera Crotch, 1873",Nearctic,3,,,
457,Coccinellidae,Scymninae,"Hyperaspidius Crotch, 1873",Nearctic,6,,,
458,Coccinellidae,Coccinellinae,"Coccinella difficilis Crotch, 1873",Nearctic,29,,,
459,Coccinellidae,Coccinellinae,"Hippodamia oregonensis Crotch, 1873",Nearctic,27,,,
460,Coccinellidae,Scymninae,"Brachiacantha bollii Crotch, 1873","Nearctic
Neotropical","5
2",,,
461,Coccinellidae,Scymninae,"Brachiacantha indubitabilis Crotch, 1873",Nearctic,4,,,
462,Coccinellidae,Scymninae,"Hyperaspis lewisi Crotch, 1873",Nearctic,3,,,
463,Coccinellidae,Scymninae,"Hyperaspis dissoluta Crotch, 1873",Nearctic,2,,,
464,Coccinellidae,Coccinellinae,"Coelophora jansoni Crotch, 1874",Australian,5,,,
465,Coccinellidae,Coccinellinae,"Coccinella hieroglyphica kirbyi Crotch, 1874",Nearctic,10,,,
466,Coccinellidae,Coccinellinae,"Psyllobora lutescens Crotch, 1874",Neotropical,5,,,
467,Coccinellidae,Scymninae,"Scymnus (Pullus) pacificus Crotch, 1874",Nearctic,8,,,
468,Coccinellidae,Coccinellinae,"Mononeda Crotch, 1874",Nearctic,1,,,
469,Coccinellidae,Coccinellinae,"Lioadalia intermedia Crotch, 1874",Afrotropical,11,,,
470,Coccinellidae,Epilachninae,"Epilachna nigrovittata Crotch, 1874",Neotropical,5,,,
471,Coccinellidae,Scymninae,"Hyperaspis carolinae Crotch, 1874",Neotropical,1,,,
472,Coccinellidae,Scymninae,"Hyperaspis cincticollis Crotch, 1874",Neotropical,1,,,
473,Coccinellidae,Chilocorinae,"Chilocorus angolensis Crotch, 1874",Afrotropical,6,,,
474,Coccinellidae,Chilocorinae,"Chilocorus canariensis Crotch, 1874",Afrotropical,6,,,
475,Coccinellidae,Chilocorinae,"Platynaspis capicola Crotch, 1874",Afrotropical,8,,,
476,Coccinellidae,Chilocorinae,"Platynaspis higginsi Crotch, 1874",Afrotropical,1,,,
477,Coccinellidae,Coccidulinae,"Rhyzobius hirtellus Crotch, 1874",Australian,2,,,
478,Coccinellidae,Coccinellinae,"Anisolemnia welwitschi Crotch, 1874",Afrotropical,16,,,
479,Coccinellidae,Epilachninae,"Epilachna admirabilis Crotch, 1874",Oriental,14,,,
480,Coccinellidae,Epilachninae,"Epilachna approximata Crotch, 1874",Neotropical,1,,,
481,Coccinellidae,Epilachninae,"Epilachna dubia Crotch, 1874",Neotropical,1,,,
482,Coccinellidae,Epilachninae,"Epilachna ellisi Crotch, 1874",Neotropical,1,,,
483,Coccinellidae,Epilachninae,"Epilachna extrema Crotch, 1874",Neotropical,6,,,
484,Coccinellidae,Epilachninae,"Epilachna gibbera Crotch, 1874",Oriental,5,,,
485,Coccinellidae,Epilachninae,"Epilachna vittigera Crotch, 1874",Neotropical,3,,,
486,Coccinellidae,Sticholotidinae,"Stictobura melanaria Crotch, 1903",Oriental,2,,,
487,Coccinellidae,Coccinellinae,"Adalia frigida D. H. Schneider, 1792",Palearctic,5,,,
488,Coccinellidae,Scymninae,"Scymnus roepkei de Fluiter, 1938",Oriental,139,,,
489,Coccinellidae,Coccinellinae,"Hippodamia septemmaculata De Geer, 1775",Palearctic,39,,,
490,Coccinellidae,Coccinellinae,"Coleomegilla maculata De Geer, 1775","Nearctic
Neotropical","227
45",,,
491,Coccinellidae,Coccinellinae,"Hippodamia Dejean, 1835","Nearctic
Neotropical","40
29",,,
492,Coccinellidae,Coccinellinae,"Hippodamia Dejean, 1835",Neotropical,178,,,
493,Coccinellidae,Scymninae,"Hyperaspis Dejean, 1835","Nearctic
Neotropical
Palearctic","54
444
2",,,
494,Coccinellidae,Coccinellinae,"Anisosticta Dejean, 1837",Nearctic,17,,,
495,Coccinellidae,Epilachninae,"Epilachna bonplandi Dejean, 1837",Neotropical,11,,,
496,Coccinellidae,Epilachninae,Epilachna phillippi nemis ramota Dieke,Oriental,1,,,
497,Coccinellidae,Epilachninae,"Henosepilachna pytharga Dieke, 1947",Oriental,9,,,
498,Coccinellidae,Chilocorinae,"Exochomus cubensis Dimmock, 1906",Neotropical,2,,,
499,Coccinellidae,Scymninae,"Hyperaspis taeniata pallescens Dobzhansky, 1841",Nearctic,1,,,
500,Coccinellidae,Scymninae,"Scymnus (Pullus) brullei Dobzhansky, 1850",Nearctic,36,,,
501,Coccinellidae,Coccinellinae,"Coccinella transversoguttata f. nugatoria Dobzhansky, 1931",Nearctic,38,,,
502,Coccinellidae,Scymninae,"Hyperaspis oregona Dobzhansky, 1941",Nearctic,6,,,
503,Coccinellidae,Scymninae,"Hyperaspis rivularis Dobzhansky, 1941",Nearctic,1,,,
504,Coccinellidae,Scymninae,"Hyperaspis lateralis nigricauda Dobzhansky, 1941",Nearctic,21,,,
505,Coccinellidae,Scymninae,"Hyperaspis lateralis wellmani Dobzhansky, 1941",Nearctic,9,,,
506,Coccinellidae,Scymninae,"Hyperaspis borealis Dobzhansky, 1941",Nearctic,12,,,
507,Coccinellidae,Scymninae,"Hyperaspis centrallis phagiata Dobzhansky, 1941","Nearctic
Neotropical","1
3",,,
508,Coccinellidae,Coccinellinae,"Neda oestrina Erichson, 1847",Neotropical,8,,,
509,Coccinellidae,Epilachninae,"Epilachna cacica ab. raecineta Erichson, 1847",Neotropical,10,,,
510,Coccinellidae,Coccinellinae,"Neda patula Erichson, 1847",Neotropical,1,,,
511,Coccinellidae,Coccidulinae,"Exoplectra ruberrima Erichson, 1847",Neotropical,3,,,
512,Coccinellidae,Epilachninae,"Epilachna discolor Erichson, 1847",Neotropical,9,,,
513,Coccinellidae,Epilachninae,"Epilachna dorsigera Erichson, 1847",Neotropical,2,,,
514,Coccinellidae,Epilachninae,"Epilachna fausta Erichson, 1847",Neotropical,20,,,
515,Coccinellidae,Epilachninae,"Epilachna fenestrata Erichson, 1847",Neotropical,10,,,
516,Coccinellidae,Epilachninae,"Epilachna lepida Erichson, 1847",Neotropical,8,,,
517,Coccinellidae,Epilachninae,"Epilachna velata Erichson, 1847",Neotropical,6,,,
518,Coccinellidae,Scymninae,"Brachiacantha quadripunctata F. E. Melsheimer, 1847",Nearctic,24,,,
519,Coccinellidae,Scymninae,"Hyperaspis fimbriolata fimbriolata F. E. Melsheimer, 1847",Nearctic,18,,,
520,Coccinellidae,Scymninae,"Hyperaspis fimbriolata F. E. Melsheimer, 1847",Nearctic,21,,,
521,Coccinellidae,Coccidulinae,"Cranoryssus variegatus F. Philippi & F. Philippi, 1864",Neotropical,4,,,
522,Coccinellidae,Coccinellinae,"Coccinella leonina Fabricius, 1775",Australian,6,,,
523,Coccinellidae,Coccinellinae,"Coccinella transversalis Fabricius, 1781","Australian
Oriental
Pacific
Afrotropical","45
21
7
2",,,
524,Coccinellidae,Coccinellinae,"Coccinella quinquemaculata Fabricius, 1787",Oriental,9,,,
525,Coccinellidae,Coccinellinae,"Coccinella arcuata Fabricius, 1787","Australian
unknown
Oriental","58
1
3",,,
526,Coccinellidae,Coccinellinae,"Neocalvia duodecimguttata Fabricius, 1787",Neotropical,3,,,
527,Coccinellidae,Chilocorinae,"Cladis nitidula Fabricius, 1792","Neotropical
unknown","1
1",,,
528,Coccinellidae,Coccinellinae,"Illeis cincta Fabricius, 1798",Oriental,16,,,
529,Coccinellidae,Scymninae,"Scymnus capitatus Fabricius, 1798",Palearctic,5,,,
530,Coccinellidae,Coccinellinae,"Heteroneda reticulata Fabricius, 1801",Oriental,17,,,
531,Coccinellidae,Coccinellinae,"Harmonia sedecimnotata Fabricius, 1801",Oriental,17,,,
532,Coccinellidae,Coccidulinae,"Exoplectra coccinea Fabricius, 1801",Neotropical,4,,,
533,Coccinellidae,Coccinellinae,"Coelophora unicolor Fabricius, 1792w",Oriental,2,,,
534,Coccinellidae,Coccinellinae,Anisolemnia tetrasticta Fairmaire,Afrotropical,4,,,
535,Coccinellidae,Coccidulinae,"Lithophilus cribratellus Fairmaire, 1876",Palearctic,3,,,
536,Coccinellidae,Coccinellinae,"Coelophora atrolineata Fairmaire, 1881",Australian,5,,,
537,Coccinellidae,Coccinellinae,"Cydonia posticalis Fairmaire, 1893",Afrotropical,2,,,
538,Coccinellidae,Coccinellinae,"Hippodamia amoena Faldermann, 1835",Palearctic,7,,,
539,Coccinellidae,Coccinellinae,"Coccinella transversoguttata Faldermann, 1835","Nearctic
Oriental
Palearctic","346
7
7",,,
540,Coccinellidae,Scymninae,"Scymnus nasti Fürsch, 1966",Afrotropical,1,,,
541,Coccinellidae,Scymninae,"Scymnus (Pullus) semiruber G. H. Horn, 1895",Nearctic,20,,,
542,Coccinellidae,Scymninae,"Scymnus (Scymnus) ardelio G. H. Horn, 1895",Nearctic,14,,,
543,Coccinellidae,Scymninae,"Scymnus (Scymnus) caurinus G. H. Horn, 1895",Nearctic,12,,,
544,Coccinellidae,Coccinellinae,"Eriopis connexa Germar, 1824",Neotropical,37,,,
545,Coccinellidae,Coccinellinae,"Psyllobora picta Germar, 1854",Neotropical,10,,,
546,Coccinellidae,Chilocorinae,"Platynaspis rufipennis Gerstaecker, 1871",Afrotropical,1,,,
547,Coccinellidae,Coccinellinae,"Alesia amoenula Gerstaecker, 1871",Afrotropical,3,,,
548,Coccinellidae,Chilocorinae,"Exochomus nigromaculatus Goeze, 1777",Palearctic,104,,,
549,Coccinellidae,Chilocorinae,"Platynaspis lureorubra Goeze, 1777","Afrotropical
Palearctic","8
22",,,
550,Coccinellidae,Sticholotidinae,"Carinodula Gordon et al., 1989",Neotropical,1,,,
551,Coccinellidae,Epilachninae,"Epilachna boraustralis Gordon, 1975",Neotropical,12,,,
552,Coccinellidae,Epilachninae,"Epilachna callangae Gordon, 1975",Neotropical,2,,,
553,Coccinellidae,Epilachninae,"Epilachna conjuncta Gordon, 1975",Afrotropical,1,,,
554,Coccinellidae,Epilachninae,"Epilachna deuterea Gordon, 1975",Neotropical,4,,,
555,Coccinellidae,Epilachninae,"Epilachna pocohantae Gordon, 1975",Neotropical,2,,,
556,Coccinellidae,Scymninae,"Diomus humilis Gordon, 1976",Nearctic,1,,,
557,Coccinellidae,Scymninae,"Scymnus utahensis Gordon, 1976",Nearctic,1,,,
558,Coccinellidae,Scymninae,"Scymnus wickhami Gordon, 1976",Nearctic,4,,,
559,Coccinellidae,Scymninae,"Scymnus barbari Gordon, 1976",Nearctic,7,,,
560,Coccinellidae,Scymninae,"Scymnus (Pullus) impletus Gordon, 1976",Nearctic,33,,,
561,Coccinellidae,Scymninae,"Brachiacantha stephani Gordon, 1985",Nearctic,4,,,
562,Coccinellidae,Scymninae,"Hyperaspis schaefferi Gordon, 1985",Nearctic,3,,,
563,Coccinellidae,Coccinellinae,Dysis marshalli Gorham,Afrotropical,1,,,
564,Coccinellidae,Coccinellinae,Seladia alboguttata Gorham,Neotropical,1,,,
565,Coccinellidae,Scymninae,Brachiacantha cachensis Gorham,Neotropical,2,,,
566,Coccinellidae,Epilachninae,"Epilachna insignis Gorham, 1892",Oriental,1,,,
567,Coccinellidae,Epilachninae,"Epilachna abrupta Gorham, 1897",Neotropical,4,,,
568,Coccinellidae,Epilachninae,"Epilachna tumida Gorham, 1897",Neotropical,1,,,
569,Coccinellidae,Scymninae,"Scymnus (Pullus) horni Gorham, 1897",Nearctic,18,,,
570,Coccinellidae,Coccinellinae,"Cydonia geisha Gorham, 1901",Afrotropical,3,,,
571,Coccinellidae,Coccidulinae,"Lithophilus cordicollis Guérin-Méneville, 1838",Palearctic,2,,,
572,Coccinellidae,Coccinellinae,"Hippodamia convergens Guérin-Méneville, 1842",Nearctic,1254,,,
573,Coccinellidae,Coccinellinae,"Hippodamia convergens Guérin-Méneville, 1842",Nearctic,1,,,
574,Coccinellidae,Coccinellinae,"Neda norrisii Guérin-Méneville, 1844",Neotropical,21,,,
575,Coccinellidae,Scymninae,"Scymnus pallipediformis Gunther, 1958",Palearctic,34,,,
576,Coccinellidae,Epilachninae,"Epilachna flavopustulata H. J. Kolbe, 1897",Afrotropical,2,,,
577,Coccinellidae,Scymninae,"Hyperaspis thatcheri Hatch & Malkin, 1956",Nearctic,1,,,
578,Coccinellidae,Scymninae,"Nephus quadrimaculatum Herbst, 1783",Nearctic,4,,,
579,Coccinellidae,Coccinellinae,"Coccinella novemnotata Herbst, 1793",Nearctic,501,,,
580,Coccinellidae,Scymninae,"Scymnus pubescens Herbst, 1797",Palearctic,13,,,
581,Coccinellidae,Scymninae,"Scymnus haemorrhoidalis Herbst, 1797",Palearctic,21,,,
582,Coccinellidae,Chilocorinae,"Chilocorus rubidus Hope in Gray, 1831",Oriental,1,,,
583,Coccinellidae,Coccinellinae,"Ailocaria hexaspilota Hope, 1831","Oriental
unknown","6
1",,,
584,Coccinellidae,Coccinellinae,"Alloneda dodecaspilota Hope, 1831",Oriental,6,,,
585,Coccinellidae,Coccinellinae,"Palaeoneda minata Hope, 1831",Oriental,1,,,
586,Coccinellidae,Coccinellinae,"Bulaea lichatschovi Hummel, 1827",Palearctic,47,,,
587,Coccinellidae,Scymninae,"Scymnus (Pullus) postpinctus J. E. LeConte, 1852",Nearctic,7,,,
588,Coccinellidae,Scymninae,"Scymnus (Pullus) pallens J. E. LeConte, 1852",Neotropical,1,,,
589,Coccinellidae,Scymninae,"Scymnus (Pullus) pallens J. E. LeConte, 1852",Nearctic,20,,,
590,Coccinellidae,Scymninae,Nephus redtenbacheri reyi J. L. LeConte,Palearctic,5,,,
591,Coccinellidae,Chilocorinae,Axion plagiatum pleurale J. L. LeConte,Nearctic,3,,,
592,Coccinellidae,Scymninae,Hyperaspis taeniata crueata J. L. LeConte,Nearctic,1,,,
593,Coccinellidae,Scymninae,"Scymnus (Pullus) caudalis J. L. LeConte, 1850-",Nearctic,43,,,
594,Coccinellidae,Coccinellinae,"Hippodamia sinuata spuria J. L. LeConte, 1851",Nearctic,105,,,
595,Coccinellidae,Coccinellinae,"Hippodamia quinquesignata punctulata J. L. LeConte, 1852",Nearctic,12,,,
596,Coccinellidae,Scymninae,"Hyperaspis taeniata J. L. LeConte, 1852",Nearctic,5,,,
597,Coccinellidae,Scymninae,"Hyperaspis annexa J. L. LeConte, 1852",Nearctic,3,,,
598,Coccinellidae,Scymninae,"Stethorus punctum J. L. LeConte, 1852",Nearctic,50,,,
599,Coccinellidae,Scymninae,"Scymnus (Scymnus) nebulosus J. L. LeConte, 1852",Nearctic,139,,,
600,Coccinellidae,Scymninae,"Scymnus (Pullus) socer J. L. LeConte, 1852",Nearctic,28,,,
601,Coccinellidae,Scymninae,"Scymnus (Pullus) puncticollis J. L. LeConte, 1852",Nearctic,55,,,
602,Coccinellidae,Chilocorinae,"Exochomus childreni guexi J. L. LeConte, 1852",Nearctic,10,,,
603,Coccinellidae,Coccidulinae,"Coccidula lepida J. L. LeConte, 1852",Nearctic,35,,,
604,Coccinellidae,Coccinellinae,"Hippodamia quinquesignata ambigua J. L. LeConte, 1852","Nearctic
Neotropical","136
2",,,
605,Coccinellidae,Scymninae,"Hyperaspis pratensis J. L. LeConte, 1852",Nearctic,4,,,
606,Coccinellidae,Scymninae,"Hyperaspis quadrivittata J. L. LeConte, 1852",Nearctic,27,,,
607,Coccinellidae,Scymninae,"Hyperaspis taeniata taeniata J. L. LeConte, 1852",Nearctic,2,,,
608,Coccinellidae,Scymninae,"Scymnus (Pullus) consobrinus J. L. LeConte, 1852",Nearctic,2,,,
609,Coccinellidae,Scymninae,"Scymnus (Pullus) fraternus J. L. LeConte, 1852",Nearctic,56,,,
610,Coccinellidae,Scymninae,"Scymnus nanus J. L. LeConte, 1852","Nearctic
Palearctic","1
1",,,
611,Coccinellidae,Coccinellinae,"Coccinella trifasciata subversa J. L. LeConte, 1854",Nearctic,85,,,
612,Coccinellidae,Scymninae,"Brachiacantha quadrillum J. L. LeConte, 1858",Nearctic,3,,,
613,Coccinellidae,Scymninae,"Brachiacantha tau J. L. LeConte, 1859","Nearctic
Neotropical","4
2",,,
614,Coccinellidae,Chilocorinae,"Chilocorus fraternus J. L. LeConte, 1860",Nearctic,8,,,
615,Coccinellidae,Sticholotidinae,"Microweisea misella J. L. LeConte, 1878",Nearctic,16,,,
616,Coccinellidae,Scymninae,"Hyperaspis bolteri J. L. LeConte, 1880",Nearctic,2,,,
617,Coccinellidae,Scymninae,"Hyperaspis punctata J. L. LeConte, 1880",Nearctic,16,,,
618,Coccinellidae,Scymninae,"Hyperaspis punctata J. L. LeConte, 1880",Nearctic,16,,,
619,Coccinellidae,Scymninae,"Hyperaspis postica J. L. LeConte, 1880",Nearctic,15,,,
620,Coccinellidae,Scymninae,"Hyperaspis osculans J. L. LeConte, 1880",Nearctic,5,,,
621,Coccinellidae,Epilachninae,"Henosepilachna kiboensis Jadwiszczak & Wegrzynowicz, 2003",Pacific,48,,,
622,Coccinellidae,Coccinellinae,"Hippodamia caseyi Johnson, 1910",Nearctic,21,,,
623,Coccinellidae,Coccinellinae,"Coccinella nigrovittata Kapur, 1963","Oriental
Palearctic","1
1",,,
624,Coccinellidae,Coccinellinae,Hippodamia sinuata disjuncta Kirby,Nearctic,23,,,
625,Coccinellidae,Coccinellinae,"Coccinella hieroglyphica  tricuspis Kirby, 1837",Nearctic,7,,,
626,Coccinellidae,Scymninae,"Nephus includens Kirsch, 1871",Palearctic,2,,,
627,Coccinellidae,Scymninae,"Pentilia dispar Kirsch, 1876",Neotropical,1,,,
628,Coccinellidae,Coccinellinae,"Coccinella pulchella Klug, 1829",Neotropical,30,,,
629,Coccinellidae,Chilocorinae,"Chilocorus distigma Klug, 1835",Afrotropical,8,,,
630,Coccinellidae,Scymninae,"Hyperaspis cordifera Korschefsky, 1931",Neotropical,1,,,
631,Coccinellidae,Coccinellinae,"Verania aphidectoides Korschefsky, 1934",Australian,4,,,
632,Coccinellidae,Scymninae,"Nephus bipunctatus Kugelann, 1794","Palearctic=3
Afrotropical","16
4",,,
633,Coccinellidae,Scymninae,"Scymnus Kugelann, 1794","Nearctic
Neotropical
Oriental
Palearctic
Australian
Afrotropical
unknown","176
302
1
13
2
4
16",,,
634,Coccinellidae,Scymninae,"Scymnus nigrinus Kugelann, 1794",Palearctic,41,,,
635,Coccinellidae,Scymninae,"Scymnus ater Kugelann, 1794",Oriental,1,,,
636,Coccinellidae,Coccidulinae,"Coccidula Kugelann, 1798",Nearctic,1,,,
637,Coccinellidae,Chilocorinae,"Exochomus pubescens Küster, 1848",Palearctic,2,,,
638,Coccinellidae,Chilocorinae,"Exochomus L. Redtenbacher, 1843",Neotropical,15,,,
639,Coccinellidae,Coccinellinae,"Hippodamia notata Laicharting, 1871",Palearctic,27,,,
640,Coccinellidae,Coccinellinae,"Hippodamia notata Laicharting, 1871",Palearctic,56,,,
641,Coccinellidae,Epilachninae,Epilachna borealis ab. tridecimmaculata Latreille,Neotropical,2,,,
642,Coccinellidae,,"Coccinellidae Latreille, 1807","Nearctic
Neotropical
Oriental
Palearctic
Australian
Pacific
Afrotropical
unknown","102
1088
865
966
262
15
389
34",,,
643,Coccinellidae,Coccinellinae,Coccinellini,"Nearctic
Neotropical","14
846",,,
644,Coccinellidae,Coccinellinae,"Coccinellinae Latreille, 1807","Nearctic
Oriental
Neotropical","1
9
20",,,
645,Coccinellidae,Coccidulinae,"Rhyzobius alphabeticus Lea, 1902",Australian,4,,,
646,Coccinellidae,Coccidulinae,"Rhyzobius noctuabundus Lea, 1914",Palearctic,14,,,
647,Coccinellidae,Chilocorinae,"Chilocorus Leach, 1815","Nearctic
Neotropical","62
23",,,
648,Coccinellidae,Coccinellinae,Ceratomegilla floridana Leng,Nearctic,3,,,
649,Coccinellidae,Scymninae,Brachiacantha mexicana Leng,Neotropical,3,,,
650,Coccinellidae,Scymninae,Hyperaspis trimaculata Linnaeus,Neotropical,1,,,
651,Coccinellidae,Coccinellinae,"Myrrha octodecimguttata Linnaeus, 1758",Palearctic,77,,,
652,Coccinellidae,Coccinellinae,"Coccinella punctata Linnaeus, 1758",Palearctic,26,,,
653,Coccinellidae,Coccinellinae,"Coccinella quatuordecimpunctata Linnaeus, 1758",Palearctic,437,,,
654,Coccinellidae,Coccinellinae,"Coccinella septempunctata Linnaeus, 1758","Nearctic
Oriental
Palearctic","92
2
949",,,
655,Coccinellidae,Coccinellinae,"Coccinula quatuordecimpustulata Linnaeus, 1758",Palearctic,52,,,
656,Coccinellidae,Coccinellinae,"Coccinella hieroglyphica Linnaeus, 1758","Nearctic
Palearctic","2
27",,,
657,Coccinellidae,Coccinellinae,"Coccinella Linnaeus, 1758","Nearctic
Neotropical
Palearctic","303
2
2",,,
658,Coccinellidae,Coccinellinae,"Myzia oblongoguttata Linnaeus, 1758","Palearctic
unknown","31
1",,,
659,Coccinellidae,Chilocorinae,"Exochomus quadripustulatus Linnaeus, 1758",Palearctic,62,,,
660,Coccinellidae,Coccinellinae,"Aphidecta obliterata Linnaeus, 1758",Palearctic,124,,,
661,Coccinellidae,Coccinellinae,"Calvia decemguttata Linnaeus, 1758",Palearctic,15,,,
662,Coccinellidae,Coccinellinae,"Coccinula quatuordecimpustulata Linnaeus, 1758","Oriental
Palearctic","4
316",,,
663,Coccinellidae,Coccidulinae,"Sospita vigintiguttata Linnaeus, 1758",Palearctic,13,,,
664,Coccinellidae,Epilachninae,"Cynegetis impunctata Linnaeus, 1758",Palearctic,52,,,
665,Coccinellidae,Coccinellinae,"Coccinella quinquepunctata Linnaeus, 1758",Palearctic,161,,,
666,Coccinellidae,Coccinellinae,"Coccinella undecimpunctata Linnaeus, 1758","Palearctic
Nearctic","123
20",,,
667,Coccinellidae,Coccinellinae,"Coccinella trifasciata Linnaeus, 1758","Nearctic
Palearctic","113
12",,,
668,Coccinellidae,Coccinellinae,"Mononeda marginata Linnaeus, 1767","unknown
Neotropical","1
6",,,
669,Coccinellidae,Coccinellinae,"Adalia bipunctata f. quadrimaculata Linnaeus, 1767",Palearctic,1,,,
670,Coccinellidae,Coccinellinae,"Coccinella undecimpunctata undecimpunctata Linnaeus, 7158",Nearctic,4,,,
671,Coccinellidae,Coccinellinae,"Coccinella arabica Mader, 1931",Palearctic,2,,,
672,Coccinellidae,Coccinellinae,"Adalia kuscheli Mader, 1957",Neotropical,2,,,
673,Coccinellidae,Scymninae,"Hyperaspis obscura Malkin, 1943",Nearctic,2,,,
674,Coccinellidae,Scymninae,"Scymnus (Scymnus) fenderi Malkin, 1943",Nearctic,26,,,
675,Coccinellidae,Scymninae,"Scymnus (Pullus) marginicollis Mannerheim, 1843",Nearctic,52,,,
676,Coccinellidae,Coccinellinae,"Coccinella californica Mannerheim, 1843","Nearctic
Oriental","114
4",,,
677,Coccinellidae,Scymninae,"Scymnus syriacus Marsuel, 1868",Palearctic,5,,,
678,Coccinellidae,Coccinellinae,"Neoharmonia venusta Melsheimer, 1847",Nearctic,9,,,
679,Coccinellidae,Coccinellinae,"Neoharmonia venusta venusta Melsheimer, 1847",Nearctic,15,,,
680,Coccinellidae,Coccinellinae,"Oenopia conglobata contaminata Ménétriés, 1849",unknown,2,,,
681,Coccinellidae,Coccinellinae,Monocoryna magnopunctata Miyatake,Oriental,1,,,
682,Coccinellidae,Scymninae,"Scymnus juniperi Motschulsky, 1837",Palearctic,18,,,
683,Coccinellidae,Coccinellinae,"Hippodamia lunatomaculata lunatomaculata Motschulsky, 1845",Nearctic,201,,,
684,Coccinellidae,Coccinellinae,"Hippodamia lunatomaculata Motschulsky, 1845",Nearctic,26,,,
685,Coccinellidae,Scymninae,Palla hydropicta Mulsant,Neotropical,1,,,
686,Coccinellidae,Coccinellinae,Psyllobora rolli Mulsant,Neotropical,6,,,
687,Coccinellidae,Coccinellinae,Mulsantina luteipennis Mulsant,Neotropical,4,,,
688,Coccinellidae,Coccinellinae,Lioadalia lutopicta Mulsant,Oriental,1,,,
689,Coccinellidae,Scymninae,Hyperaspis courpedita Mulsant,Neotropical,2,,,
690,Coccinellidae,Scymninae,Hyperaspis marmothani Mulsant,Palearctic,4,,,
691,Coccinellidae,Chilocorinae,Chilocorus dohrni Mulsant,Afrotropical,8,,,
692,Coccinellidae,Coccinellinae,Coelophora versipellis Mulsant,Oriental,10,,,
693,Coccinellidae,Sticholotidinae,"Coelopterus salinus Mulsant & Rey, 1852",Palearctic,2,,,
694,Coccinellidae,Scymninae,Hyperaspidini,Neotropical,333,,,
695,Coccinellidae,Coccinellinae,Coccinellinae,Neotropical,37,,,
696,Coccinellidae,Scymninae,"Scymninae Mulsant, 1846","Neotropical
Nearctic
Oriental","392
324
87",,,
697,Coccinellidae,Scymninae,Scymnini,Nearctic,20,,,
698,Coccinellidae,Chilocorinae,Chilocorini,Neotropical,1,,,
699,Coccinellidae,Chilocorinae,"Chilocorinae Mulsant, 1846","Nearctic
Oriental","42
24",,,
700,Coccinellidae,Coccidulinae,"Novius cruentatus Mulsant, 1846",Palearctic,9,,,
701,Coccinellidae,Coccinellinae,"Adalia Mulsant, 1846",Neotropical,2,,,
702,Coccinellidae,Coccinellinae,"Anatis Mulsant, 1846",Nearctic,81,,,
703,Coccinellidae,Scymninae,"Scymnus apetzi Mulsant, 1846",Palearctic,56,,,
704,Coccinellidae,Scymninae,"Scymnus fulvicollis Mulsant, 1846",Palearctic,2,,,
705,Coccinellidae,Coccinellinae,"Propylea Mulsant, 1846",,,,,
706,Coccinellidae,Coccinellinae,"Egleis edwardsii Mulsant, 1850",Australian,2,,,
707,Coccinellidae,Coccinellinae,"Eriopis eschscholtzi Mulsant, 1850",Neotropical,4,,,
708,Coccinellidae,Coccinellinae,"Coccinella trifasciata perplexa Mulsant, 1850",Nearctic,40,,,
709,Coccinellidae,Coccinellinae,"Oenopia kirbyi Mulsant, 1850",Oriental,6,,,
710,Coccinellidae,Coccinellinae,"Cydonia triangulifera Mulsant, 1850",Afrotropical,2,,,
711,Coccinellidae,Coccinellinae,"Dysis bisquatuorguttata Mulsant, 1850",Afrotropical,4,,,
712,Coccinellidae,Coccinellinae,"Coelophora circumusta Mulsant, 1850",Oriental,5,,,
713,Coccinellidae,Coccinellinae,"Coelophora duvaucelii Mulsant, 1850",Oriental,6,,,
714,Coccinellidae,Coccinellinae,"Coelophora melanota Mulsant, 1850",Oriental,5,,,
715,Coccinellidae,Coccinellinae,"Eriopis Mulsant, 1850",Neotropical,29,,,
716,Coccinellidae,Scymninae,"Thalassa montezumae Mulsant, 1850",Nearctic,10,,,
717,Coccinellidae,Scymninae,"Nephus kiesenwetteri Mulsant, 1850","Palearctic=3
unknown","7
2",,,
718,Coccinellidae,Scymninae,"Cryptognatha Mulsant, 1850",Neotropical,1,,,
719,Coccinellidae,Scymninae,"Scymnus (Pullus) tenebrosus Mulsant, 1850",Nearctic,1,,,
720,Coccinellidae,Scymninae,"Scymnus (Pullus) tenebrosus Mulsant, 1850",Nearctic,48,,,
721,Coccinellidae,Scymninae,"Brachiacantha lepida Mulsant, 1850",Neotropical,12,,,
722,Coccinellidae,Scymninae,"Brachiacantha sellata Mulsant, 1850",Neotropical,2,,,
723,Coccinellidae,Coccinellinae,"Oenopia cinctella Mulsant, 1850",Nearctic,3,,,
724,Coccinellidae,Scymninae,"Cyrea novemsignata Mulsant, 1850",Neotropical,4,,,
725,Coccinellidae,Coccinellinae,"Coccinella lucasii Mulsant, 1850",Neotropical,1,,,
726,Coccinellidae,Coccinellinae,"Coccinella monticola Mulsant, 1850",Nearctic,9,,,
727,Coccinellidae,Coccinellinae,"Coccinella monticola Mulsant, 1850",Nearctic,55,,,
728,Coccinellidae,Coccinellinae,"Coccinella eryngii Mulsant, 1850","
Neotropical","
26",,,
729,Coccinellidae,Coccinellinae,"Coccinella withi Mulsant, 1850",Palearctic,2,,,
730,Coccinellidae,Coccinellinae,"Coccinellina emarginata Mulsant, 1850",Neotropical,23,,,
731,Coccinellidae,Coccinellinae,"Hippodamia glacialis lecontei Mulsant, 1850",Nearctic,20,,,
732,Coccinellidae,Coccinellinae,"Naemia seriata litigiosa Mulsant, 1850",Nearctic,2,,,
733,Coccinellidae,Coccinellinae,"Neohalyzia perroudi Mulsant, 1850",Neotropical,21,,,
734,Coccinellidae,Coccinellinae,"Psyllobora nana Mulsant, 1850",Neotropical,8,,,
735,Coccinellidae,Coccinellinae,"Psyllobora decipiens Mulsant, 1850","Neotropical
unknown","10
1",,,
736,Coccinellidae,Coccinellinae,"Psyllobora lata Mulsant, 1850",Neotropical,1,,,
737,Coccinellidae,Coccinellinae,"Psyllobora lenta Mulsant, 1850",Neotropical,8,,,
738,Coccinellidae,Coccinellinae,"Psyllobora hybrida Mulsant, 1850",unknown,2,,,
739,Coccinellidae,Coccinellinae,"Psyllobora luctuosa Mulsant, 1850",Neotropical,9,,,
740,Coccinellidae,Coccinellinae,"Psyllobora punctella Mulsant, 1850",Neotropical,6,,,
741,Coccinellidae,Coccinellinae,"Psyllobora rufosignata Mulsant, 1850",Neotropical,6,,,
742,Coccinellidae,Scymninae,"Stethorus gilvifrons Mulsant, 1850",Palearctic,7,,,
743,Coccinellidae,Coccinellinae,"Micraspis guerini Mulsant, 1850",Oriental,3,,,
744,Coccinellidae,Coccidulinae,"Chnoodes terminalis Mulsant, 1850",Neotropical,1,,,
745,Coccinellidae,Coccinellinae,"Hippodamia quindecimmaculata Mulsant, 1850",Nearctic,6,,,
746,Coccinellidae,Scymninae,"Scymnus (Scymnus) nubilus Mulsant, 1850",Oriental,3,,,
747,Coccinellidae,Coccinellinae,"Coelophora bissellata Mulsant, 1850","Palearctic
Oriental","2
6",,,
748,Coccinellidae,Coccinellinae,"Neoharmonia venusta ampla Mulsant, 1850",Nearctic,7,,,
749,Coccinellidae,Coccinellinae,"Hippodamia sinuata Mulsant, 1850","Nearctic
Neotropical","6
1",,,
750,Coccinellidae,Coccinellinae,"Megalocaria reichei Mulsant, 1850",Oriental,1,,,
751,Coccinellidae,Coccinellinae,"Neda marginalis Mulsant, 1850",Neotropical,12,,,
752,Coccinellidae,Coccinellinae,"Hippodamia glacialis extensa Mulsant, 1850",Nearctic,3,,,
753,Coccinellidae,Chilocorinae,"Axion Mulsant, 1850",Nearctic,3,,,
754,Coccinellidae,Chilocorinae,"Chilocorus melanophthalmus Mulsant, 1850",Oriental,1,,,
755,Coccinellidae,Chilocorinae,"Chilocorus politus Mulsant, 1850",unknown,1,,,
756,Coccinellidae,Chilocorinae,"Chilocorus schioedtei Mulsant, 1850",Afrotropical,11,,,
757,Coccinellidae,Chilocorinae,"Egius platycephalus Mulsant, 1850",Neotropical,1,,,
758,Coccinellidae,Chilocorinae,"Elpis dolens Mulsant, 1850",Afrotropical,12,,,
759,Coccinellidae,Chilocorinae,"Exochomus childreni childreni Mulsant, 1850",Nearctic,33,,,
760,Coccinellidae,Chilocorinae,"Exochomus childreni Mulsant, 1850",Nearctic,32,,,
761,Coccinellidae,Chilocorinae,"Orcus janthinus Mulsant, 1850",Oriental,6,,,
762,Coccinellidae,Coccidulinae,"Azya luteipes Mulsant, 1850",Neotropical,3,,,
763,Coccinellidae,Coccidulinae,"Azya pontbrianti Mulsant, 1850",Neotropical,1,,,
764,Coccinellidae,Coccidulinae,"Azya Mulsant, 1850",Neotropical,7,,,
765,Coccinellidae,Coccidulinae,"Bucolus fourneti Mulsant, 1850",Australian,4,,,
766,Coccinellidae,Coccidulinae,"Eupalea formosa Mulsant, 1850",Neotropical,3,,,
767,Coccinellidae,Coccidulinae,"Eupalea Mulsant, 1850",Neotropical,10,,,
768,Coccinellidae,Coccidulinae,"Rhyzobius sahlbergi Mulsant, 1850",Afrotropical,12,,,
769,Coccinellidae,Coccidulinae,"Rodolia Mulsant, 1850",Nearctic,1,,,
770,Coccinellidae,Coccidulinae,"Rodolia cardinalis Mulsant, 1850","Palearctic
Nearctic","4
24",,,
771,Coccinellidae,Coccidulinae,"Rodolia fumida Mulsant, 1850",unknown,6,,,
772,Coccinellidae,Coccidulinae,"Rodolia rufopilosa Mulsant, 1850",Oriental,1,,,
773,Coccinellidae,Coccinellinae,"Adalia angulifera Mulsant, 1850",Neotropical,4,,,
774,Coccinellidae,Coccinellinae,"Adalia deficiens Mulsant, 1850",Neotropical,30,,,
775,Coccinellidae,Coccinellinae,"Alesia bohemani Mulsant, 1850",Afrotropical,1,,,
776,Coccinellidae,Coccinellinae,"Alesia inclusa Mulsant, 1850","Afrotropical
Oriental","2
12",,,
777,Coccinellidae,Coccinellinae,"Hippodamia sinuata sinuata Mulsant, 1850","Nearctic
Neotropical","22
9",,,
778,Coccinellidae,Coccinellinae,"Antineda princeps Mulsant, 1850",Australian,1,,,
779,Coccinellidae,Coccinellinae,"Cheilomenes nilotica Mulsant, 1850",Palearctic,4,,,
780,Coccinellidae,Coccinellinae,"Cheilomenes propinqua vicina Mulsant, 1850","Palearctic
Afrotropical","5
3",,,
781,Coccinellidae,Coccinellinae,"Cheilomenes propinqua Mulsant, 1850",Afrotropical,15,,,
782,Coccinellidae,Coccinellinae,"Cleobora mellyi Mulsant, 1850",Australian,18,,,
783,Coccinellidae,Coccinellinae,"Clynis humilis Mulsant, 1850",Neotropical,2,,,
784,Coccinellidae,Coccinellinae,"Coelophora circumusta Mulsant, 1850",Oriental,2,,,
785,Coccinellidae,Coccinellinae,"Coelophora octosignata Mulsant, 1850",Oriental,2,,,
786,Coccinellidae,Coccinellinae,"Eriopis eschscholtzi Mulsant, 1850",Neotropical,30,,,
787,Coccinellidae,Coccinellinae,"Propylaea luteopustulata Mulsant, 1850",Oriental,12,,,
788,Coccinellidae,Coccinellinae,"Seladia nigricollis Mulsant, 1850",Neotropical,4,,,
789,Coccinellidae,Coccinellinae,"Isora anceps Mulsant, 1850",Afrotropical,6,,,
790,Coccinellidae,Coccinellinae,"Tytthaspis gebleri Mulsant, 1850","Palearctic
Oriental","1
6",,,
791,Coccinellidae,Epilachninae,"Epilachna angustata Mulsant, 1850",Neotropical,11,,,
792,Coccinellidae,Epilachninae,"Epilachna bourcieri Mulsant, 1850",Neotropical,4,,,
793,Coccinellidae,Epilachninae,"Epilachna circumcincta Mulsant, 1850",Neotropical,1,,,
794,Coccinellidae,Epilachninae,"Epilachna difficilis Mulsant, 1850",Neotropical,1,,,
795,Coccinellidae,Epilachninae,"Epilachna dregei Mulsant, 1850",Afrotropical,3,,,
796,Coccinellidae,Epilachninae,"Epilachna dumerili Mulsant, 1850",Oriental,2,,,
797,Coccinellidae,Epilachninae,"Epilachna lupina Mulsant, 1850",Afrotropical,12,,,
798,Coccinellidae,Epilachninae,"Epilachna madida Mulsant, 1850",Neotropical,4,,,
799,Coccinellidae,Epilachninae,"Epilachna mystica Mulsant, 1850",Oriental,9,,,
800,Coccinellidae,Epilachninae,"Epilachna nigrocincta Mulsant, 1850",Neotropical,1,,,
801,Coccinellidae,Epilachninae,"Epilachna octoverrucata Mulsant, 1850",Neotropical,12,,,
802,Coccinellidae,Epilachninae,"Epilachna paykullii Mulsant, 1850",Afrotropical,10,,,
803,Coccinellidae,Epilachninae,"Epilachna punctipennis Mulsant, 1850",Afrotropical,2,,,
804,Coccinellidae,Epilachninae,"Epilachna sahlbergi Mulsant, 1850",Afrotropical,3,,,
805,Coccinellidae,Epilachninae,"Epilachna spreta Mulsant, 1850",Neotropical,12,,,
806,Coccinellidae,Epilachninae,"Epilachna varivestis Mulsant, 1850","Nearctic
Neotropical","128
18",,,
807,Coccinellidae,Epilachninae,"Epilachna zetterstedti Mulsant, 1850",Afrotropical,11,,,
808,Coccinellidae,Epilachninae,"Henosepilachna pytho Mulsant, 1850",Oriental,1,,,
809,Coccinellidae,Scymninae,"Brachiacantha quadripunctata flavifrons Mulsant, 1850",Nearctic,2,,,
810,Coccinellidae,Scymninae,"Brachiacantha subfasciata Mulsant, 1850",Nearctic,1,,,
811,Coccinellidae,Scymninae,"Brachiacantha erythrura Mulsant, 1850",Neotropical,2,,,
812,Coccinellidae,Scymninae,"Brachiacantha groendali Mulsant, 1850",Neotropical,2,,,
813,Coccinellidae,Scymninae,"Diomus Mulsant, 1850","Neotropical
Australian","121
3",,,
814,Coccinellidae,Scymninae,"Hyperaspis inedita Mulsant, 1850",Nearctic,7,,,
815,Coccinellidae,Scymninae,"Hyperaspis senegalensis Mulsant, 1850",Afrotropical,1,,,
816,Coccinellidae,Scymninae,"Hyperaspis disconotata Mulsant, 1850",Nearctic,3,,,
817,Coccinellidae,Scymninae,"Hyperaspis lateralis Mulsant, 1850",Nearctic,22,,,
818,Coccinellidae,Scymninae,"Thalassa Mulsant, 1850",Neotropical,2,,,
819,Coccinellidae,Scymninae,"Scymnus (Scymnus) americanus Mulsant, 1850",Nearctic,12,,,
820,Coccinellidae,Scymninae,"Scymnus (Pullus) cervicalis Mulsant, 1850",Nearctic,22,,,
821,Coccinellidae,Scymninae,"Scymnus (Pullus) creperus Mulsant, 1850",Nearctic,12,,,
822,Coccinellidae,Scymninae,"Scymnus fraxini Mulsant, 1850",Palearctic,12,,,
823,Coccinellidae,Scymninae,"Scymnus limbaticollis Mulsant, 1850",Neotropical,1,,,
824,Coccinellidae,Scymninae,"Scymnus (Pullus) loweii Mulsant, 1850",Nearctic,22,,,
825,Coccinellidae,Scymninae,"Scymnus loewii Mulsant, 1850",Nearctic,2,,,
826,Coccinellidae,Coccinellinae,"Coccinella saucerottei Mulsant, 1850",Palearctic,1,,,
827,Coccinellidae,Coccinellinae,"Coccinella undecimpunctata menetriesi Mulsant, 1850",Palearctic,14,,,
828,Coccinellidae,Scymninae,"Brachiacantha pygidialis Mulsant, 1851",Neotropical,1,,,
829,Coccinellidae,Scymninae,"Cryptolaemus montrousieri Mulsant, 1853","Nearctic
Palearctic
Australian
Pacific","13
4
9
33",,,
830,Coccinellidae,Scymninae,"Hyperaspis troglodytes Mulsant, 1853",Nearctic,2,,,
831,Coccinellidae,Coccinellinae,"Halyzia sanscrita Mulsant, 1853",Oriental,3,,,
832,Coccinellidae,Scymninae,"Scymnus pallidivestis Mulsant, 1853","Oriental
Palearctic","10
5",,,
833,Coccinellidae,Chilocorinae,"Chilocorus cerberus Mulsant, 1853",Oriental,10,,,
834,Coccinellidae,Chilocorinae,"Exochomus jourdani Mulsant, 1853",Neotropical,2,,,
835,Coccinellidae,Coccidulinae,"Rhyzobius forestieri Mulsant, 1853",Nearctic,2,,,
836,Coccinellidae,Coccinellinae,"Coelophora sexareata Mulsant, 1853",Oriental,6,,,
837,Coccinellidae,Coccinellinae,"Coccinella trifasciata var. eugenii Mulsant, 1866",Nearctic,22,,,
838,Coccinellidae,Coccinellinae,"Coccinella septempunctata brucki Mulsant, 1866","Oriental
Palearctic","140
67",,,
839,Coccinellidae,Coccinellinae,"Psyllobora foliacea Mulsant, 1866",Neotropical,7,,,
840,Coccinellidae,Coccinellinae,"Psyllobora simplex Mulsant, 1866",Oriental,6,,,
841,Coccinellidae,Coccinellinae,"Oenopia sauzeti Mulsant, 1866","Oriental
Palearctic","2
1",,,
842,Coccinellidae,Coccinellinae,"Adalia luteopicta Mulsant, 1866",Oriental,5,,,
843,Coccinellidae,Coccinellinae,"Coccinella eugenii Mulsant, 1866",Nearctic,1,,,
844,Coccinellidae,Coccinellinae,"Coelophora victoriae Mulsant, 1866",Oriental,4,,,
845,Coccinellidae,Coccinellinae,"Olla v-nigrum Mulsant, 1866","Nearctic
Neotropical","232
9",,,
846,Coccinellidae,Coccinellinae,"Propylaea feliciae Mulsant, 1866",Palearctic,2,,,
847,Coccinellidae,Epilachninae,"Epilachna clandestina Mulsant, 1950",Neotropical,13,,,
848,Coccinellidae,Epilachninae,"Epilachna compilata Mulsant, 1950",Afrotropical,8,,,
849,Coccinellidae,Epilachninae,"Epilachna concolor Mulsant, 1950",Neotropical,1,,,
850,Coccinellidae,Epilachninae,"Epilachna consularis Mulsant, 1950",Afrotropical,4,,,
851,Coccinellidae,Epilachninae,"Epilachna cruciata Mulsant, 1950",Neotropical,17,,,
852,Coccinellidae,Scymninae,"Scymnus impexus Mulsant, 1950","unknown
Palearctic","2
5",,,
853,Coccinellidae,Coccinellinae,"Coccinella hieroglyphica humboldtiensis Nunenmacher, 1912",Nearctic,2,,,
854,Coccinellidae,Coccinellinae,"Coccinella prolongata bridwelli Nunenmacher, 1913",Nearctic,1,,,
855,Coccinellidae,Coccinellinae,"Adalia decempunctata octopunctata O. F. Müller, 1776",Palearctic,6,,,
856,Coccinellidae,Coccinellinae,"Eriopis chilensis O. Hofmann, 1970",Neotropical,16,,,
857,Coccinellidae,Coccinellinae,"Eriopis minima O. Hofmann, 1970",Neotropical,21,,,
858,Coccinellidae,Coccinellinae,"Eriopis andina andina O. Hofmann, 1970",Neotropical,10,,,
859,Coccinellidae,Coccinellinae,"Eriopis andina O. Hofmann, 1970",Neotropical,1,,,
860,Coccinellidae,Coccinellinae,"Eriopis punicola O. Hofmann, 1970",Neotropical,1,,,
861,Coccinellidae,Coccinellinae,Adalia macularis Oliver,unknown,2,,,
862,Coccinellidae,Coccinellinae,"Cyrtocaria regalis Olivier, 1808",Afrotropical,4,,,
863,Coccinellidae,Coccinellinae,"Coccinella divaricata Olivier, 1808",Oriental,7,,,
864,Coccinellidae,Coccinellinae,"Adalia decempunctata lutea P. Rossi, 1794",Palearctic,3,,,
865,Coccinellidae,Coccidulinae,Lithophilus peyerimhoffi Pic,Palearctic,2,,,
866,Coccinellidae,Coccinellinae,"Vibidia duodecimguttata Poda, 1761",Neotropical,1,,,
867,Coccinellidae,Coccinellinae,"Harmonia quadripunctata Pontoppidan, 1763",Palearctic,92,,,
868,Coccinellidae,Coccinellinae,"Adalia signifera Reiche, 1850",Afrotropical,2,,,
869,Coccinellidae,Coccinellinae,"Coccinella undecimpunctata aegyptiaca Reiche, 1861",Palearctic,13,,,
870,Coccinellidae,Coccinellinae,"Coccinella undecimpunctata aegyptiaca Reiche, 1861",,,,,
871,Coccinellidae,Coccidulinae,"Lithophilus nigripennis Reitter, 1891",Palearctic,2,,,
872,Coccinellidae,Coccidulinae,"Lithophilus cordatus Rosenhauer, 1856",Palearctic,4,,,
873,Coccinellidae,Coccinellinae,Neda abdominalis Say,Nearctic,6,,,
874,Coccinellidae,Scymninae,"Hyperaspis trifurcata Schaeffer, 1905",Nearctic,13,,,
875,Coccinellidae,Scymninae,"Brachiacantha arizonica Schaeffer, 1908",Nearctic,1,,,
876,Coccinellidae,Scymninae,"Hyperaspis weisei Schaeffer, 1908",Nearctic,1,,,
877,Coccinellidae,Coccinellinae,"Adalia decempunctata humeralis Schaller, 1783",Palearctic,7,,,
878,Coccinellidae,Coccinellinae,"Hippodamia undecimnotata Schneider, 1792",Palearctic,26,,,
879,Coccinellidae,Coccinellinae,"Adalia intermedia Schneider, 1881",Afrotropical,6,,,
880,Coccinellidae,Coccinellinae,Micraspis striata ab. hamata Schönherr,Afrotropical,8,,,
881,Coccinellidae,Coccinellinae,"Adalia decempunctata subpunctata Schrank, 1781",Palearctic,3,,,
882,Coccinellidae,Scymninae,"Hyperaspis paludicola Schwarz, 1878",Nearctic,1,,,
883,Coccinellidae,Scymninae,"Brachiacantha querceti Schwarz, 1878",Nearctic,37,,,
884,Coccinellidae,Scymninae,Thea parenthesis Sciuras,unknown,4,,,
885,Coccinellidae,Coccinellinae,"Halyzia tschitscherini Semenov, 1895",Palearctic,2,,,
886,Coccinellidae,Scymninae,Nephus redtenbacheri var. africanus Sicard,Afrotropical,2,,,
887,Coccinellidae,Coccinellinae,Coccinella doberoi Sicard,Neotropical,1,,,
888,Coccinellidae,Epilachninae,Epilachna tenuipicta Sicard,Afrotropical,1,,,
889,Coccinellidae,Sticholotidinae,"Pharoscymnus madegassus Sicard, 1909",Afrotropical,6,,,
890,Coccinellidae,Sticholotidinae,"Pharoscymnus ovoideus Sicard, 1929",Palearctic,2,,,
891,Coccinellidae,Chilocorinae,"Chilocorus kuwanae Silvestri, 1909",Oriental,14,,,
892,Coccinellidae,Coccinellinae,"Monocoryna nicolebertiae Slipinski & Jadwiszczak, 2000",Oriental,1,,,
893,Coccinellidae,Coccinellinae,"Monocoryna philippinensis Slipinski & Jadwiszczak, 2000",Oriental,1,,,
894,Coccinellidae,Coccidulinae,"Rhyzobius Stephens, 1832","Australian
Palearctic","14
45",,,
895,Coccinellidae,Scymninae,"Scymnus immaculatus immaculatus Suffrian, 1843",Palearctic,2,,,
896,Coccinellidae,Epilachninae,"Epilachna undulata Thunberg, 1781",Afrotropical,1,,,
897,Coccinellidae,Coccinellinae,"Propylaea japonica Thunberg, 1781",Palearctic,5,,,
898,Coccinellidae,Coccinellinae,"Propylaea japonica Thunberg, 1781",Oriental,6,,,
899,Coccinellidae,Coccinellinae,"Synonycha grandis Thunberg, 1781",Oriental,26,,,
900,Coccinellidae,Coccinellinae,"Verania comma Thunberg, 1781",unknown,6,,,
901,Coccinellidae,Scymninae,"Scymnus saturalis Thunberg, 1795",Palearctic,7,,,
902,Coccinellidae,Scymninae,"Scymnus suturalis Thunberg, 1795",Palearctic,31,,,
903,Coccinellidae,Coccinellinae,"Anisosticta strigata Thunberg, 1795",Nearctic,3,,,
904,Coccinellidae,Scymninae,"Scymnus auritus Thunberg, 1795","Palearctic
unknown","33
5",,,
905,Coccinellidae,Coccinellinae,"Hippodamia washingtoni Timberlake, 1839",Nearctic,109,,,
906,Coccinellidae,Coccinellinae,"Coleomegilla Timberlake, 1920","Nearctic
Neotropical","8
16",,,
907,Coccinellidae,Coccinellinae,"Hippodamia koebelei Timberlake, 1942",Nearctic,1,,,
908,Coccinellidae,,"Paraneda Timberlake, 1942",Neotropical,1,,,
909,Coccinellidae,Coccinellinae,"Coleomegilla maculata lengi Timberlake, 1943",Nearctic,15,,,
910,Coccinellidae,Coccinellinae,"Pseudadonia chiliana Timberlake, 1943",Neotropical,2,,,
911,Coccinellidae,Coccinellinae,"Olla timberlakei Vandenberg, 1992",Neotropical,1,,,
912,Coccinellidae,Coccinellinae,"Coccinella magnifica W. Redtenbacher, 1843",Palearctic,9,,,
913,Coccinellidae,Coccinellinae,Psyllobora blanda Weise,Afrotropical,2,,,
914,Coccinellidae,Epilachninae,Epilachna borealis ab. discincta Weise,Neotropical,1,,,
915,Coccinellidae,Sticholotidinae,Sticholotis testacea Weise,Oriental,7,,,
916,Coccinellidae,Coccinellinae,Alesia gorhami Weise,Afrotropical,1,,,
917,Coccinellidae,Scymninae,Scymnus holtmanni Weise,Palearctic,2,,,
918,Coccinellidae,Ortaliinae,"Ortalia pallens Weise, 1850","Neotropical
Afrotropical","7
1",,,
919,Coccinellidae,Scymninae,"Hyperaspis transversoguttata Weise, 1878",Nearctic,1,,,
920,Coccinellidae,Scymninae,"Nephus ludyi Weise, 1879",Palearctic,1,,,
921,Coccinellidae,Scymninae,"Nephus nigricans Weise, 1879",Palearctic,3,,,
922,Coccinellidae,Coccinellinae,"Harmonia quadripunctata sordida Weise, 1879",Palearctic,1,,,
923,Coccinellidae,Coccinellinae,"Aphidecta fenestrata Weise, 1879",Palearctic,1,,,
924,Coccinellidae,Coccinellinae,"Harmonia quadripunctata nebulosa Weise, 1879",Palearctic,17,,,
925,Coccinellidae,Scymninae,"Stethorus Weise, 1885",Nearctic,7,,,
926,Coccinellidae,Chilocorinae,"Exochomus semenovi Weise, 1887",Palearctic,7,,,
927,Coccinellidae,Coccinellinae,"Lioadalia sommeri var. Pipitzi Weise, 1888",Afrotropical,1,,,
928,Coccinellidae,Epilachninae,"Epilachna villica Weise, 1888",Afrotropical,1,,,
929,Coccinellidae,Epilachninae,"Epilachna discineta Weise, 1890",Neotropical,4,,,
930,Coccinellidae,Coccinellinae,"Anegleis cardoni Weise, 1892",Oriental,6,,,
931,Coccinellidae,Ortaliinae,"Ortalia pusilla Weise, 1895",Oriental,10,,,
932,Coccinellidae,Sticholotidinae,"Scotoscymnus Weise, 1897",Neotropical,6,,,
933,Coccinellidae,Coccidulinae,"Coccidula suturalis Weise, 1897",Nearctic,2,,,
934,Coccinellidae,Coccinellinae,"Adalia sexareata Weise, 1897",Afrotropical,5,,,
935,Coccinellidae,Coccinellinae,"Alesia usambarica Weise, 1897",unknown,3,,,
936,Coccinellidae,Epilachninae,"Epilachna hedwiga Weise, 1897",unknown,1,,,
937,Coccinellidae,Epilachninae,"Epilachna misella Weise, 1897",Afrotropical,10,,,
938,Coccinellidae,Chilocorinae,"Chilocorus calvus Weise, 1898",Afrotropical,14,,,
939,Coccinellidae,Epilachninae,"Epilachna maga Weise, 1898",Afrotropical,2,,,
940,Coccinellidae,Epilachninae,"Merma spilota Weise, 1898",Pacific,21,,,
941,Coccinellidae,Epilachninae,"Epilachna imitata Weise, 1899",unknown,1,,,
942,Coccinellidae,Coccinellinae,"Dysis orientalis Weise, 1900",Afrotropical,5,,,
943,Coccinellidae,Chilocorinae,"Chilocorus  tibialis Weise, 1900",Afrotropical,3,,,
944,Coccinellidae,Epilachninae,"Toxotoma Weise, 1900",Neotropical,16,,,
945,Coccinellidae,Scymninae,"Cryptogonus orbiculus ab. japonicus Weise, 1900",Oriental,9,,,
946,Coccinellidae,Sticholotidinae,Sticholotidini,Oriental,2,,,
947,Coccinellidae,Scymninae,"Cryptolaemus concinnus Weise, 1902",Oriental,10,,,
948,Coccinellidae,Epilachninae,"Henosepilachna antiqua Weise, 1903",Pacific,10,,,
949,Coccinellidae,Coccinellinae,"Mulsantina Weise, 1906",Nearctic,18,,,
950,Coccinellidae,Chilocorinae,"Chilocorus insularis Weise, 1906",Afrotropical,1,,,
951,Coccinellidae,Coccinellinae,"Megillina voeltzkowi Weise, 1909",Afrotropical,3,,,
952,Coccinellidae,Chilocorinae,"Exochomus laeviusculus Weise, 1909",Afrotropical,16,,,
953,Coccinellidae,Coccinellinae,"Declivitata kibonotensis Weise, 1910",Afrotropical,8,,,
954,Coccinellidae,Coccinellinae,"Alesia trilineata Weise, 1910",Afrotropical,1,,,
955,Coccinellidae,Coccinellinae,"Coelophora mitis Weise, 1912",Australian,1,,,
956,Coccinellidae,Sticholotidinae,"Serangium spilotum Weise, 1913",Oriental,1,,,
957,Coccinellidae,Coccinellinae,"Coccinula elegantula Weise, 1980",,,,,
958,Coccinellidae,Scymninae,"Scymnus (Pullus) nemorivagus Wingo, 1952",Nearctic,2,,,
959,Coccinellidae,Scymninae,"Scymnus (Pullus) majusculus Wingo, 1952",Nearctic,1,,,
960,Coccinellidae,Coccinellinae,"Coccinella miranda Wollaston, 1864",Palearctic,6,,,
961,Coccinellidae,Chilocorinae,"Exochomus melanocephalus Zubkov, 1833",Afrotropical,23,,,
962,Coccinellidae,Coccinellinae,Dysis quadrilineata,Afrotropical,5,,,
963,Coccinellidae,Coccinellinae,Cydonia angulifera,Afrotropical,3,,,
964,Coccinellidae,Scymninae,Clitostethus arcuatus hausmanni,Palearctic,5,,,
965,Coccinellidae,Scymninae,Hyperaspis undulata pubescens,Nearctic,1,,,
966,Coccinellidae,Epilachninae,Epilachna octodemipunctata,Australian,1,,,
967,Coccinellidae,Coccinellinae,Coelophora areata,Oriental,2,,,
968,Coccinellidae,Coccinellinae,Psyllobora costhnuai,Neotropical,4,,,
969,Coccinellidae,Coccinellinae,Micraspis freremnsis,Afrotropical,5,,,
970,Coccinellidae,Coccinellinae,Hippodamia apicalis/apicaliscomplex,Nearctic,2,,,
971,Coccinellidae,Coccinellinae,Anisolemnia distigma,Afrotropical,3,,,
972,Coccinellidae,Coccinellinae,Myrrha lewesi,Oriental,2,,,
973,Coccinellidae,Epilachninae,Epilachna argentata,Afrotropical,1,,,
974,Coccinellidae,Epilachninae,Epilachna meurneusis,Afrotropical,2,,,
975,Coccinellidae,Epilachninae,Epilachna nigrit obscuricollis,Afrotropical,10,,,
976,Coccinellidae,Epilachninae,Epilachna ruralis,Neotropical,1,,,
977,Coccinellidae,Epilachninae,Epilachna v. virgulata,Oriental,10,,,
978,Coccinellidae,Epilachninae,Epilachna octodemipunctata,Australian,1,,,
979,Coccinellidae,Epilachninae,Epilachna borealis ab. immaculicollis,Neotropical,4,,,
980,Coccinellidae,Scymninae,Scymnus (Pullus) coniferarum,Nearctic,16,,,
981,Coccinellidae,Coccinellinae,Coccinella sinnatomarginata,Palearctic,13,,,
982,Coccinellidae,Coccinellinae,Coccinella duodecimpunctata,Palearctic,6,,,
983,Coccinellidae,Coccinellinae,Cheilomenes quinquemaculata,Oriental,9,,,
